bus_id,time,ridership_count,timestamp,hour,time_period,id,name,routeId,routeName,routeName_short,route_id,stop_sequence
19399,0,4,2025-10-01 06:00:00,6,Morning,19399.0,4063,55368.0,H Route,h,h,"1,2,3,11,10,8,7,5"
13216,0,17,2025-10-01 06:00:00,6,Morning,13216.0,4040,54545.0,LX Route,lx,lx,"1,2,3,12,13,14"
15189,0,1,2025-10-01 06:00:00,6,Morning,15189.0,130,59451.0,B/L Loop,b,b,"12,13,14,6,9,10"
15185,0,16,2025-10-01 06:00:00,6,Morning,15185.0,126,54543.0,EE Route,ee,ee,"1,2,23,17,18,19,20,21,16,22,3"
19051,0,18,2025-10-01 06:00:00,6,Morning,19051.0,4061,54551.0,REXL Route,rexl,rexl,"17,18,16,12,13"
13216,5,7,2025-10-01 06:05:00,6,Morning,13216.0,4040,54545.0,LX Route,lx,lx,"1,2,3,12,13,14"
15189,5,1,2025-10-01 06:05:00,6,Morning,15189.0,130,59451.0,B/L Loop,b,b,"12,13,14,6,9,10"
19399,5,0,2025-10-01 06:05:00,6,Morning,19399.0,4063,55368.0,H Route,h,h,"1,2,3,11,10,8,7,5"
15185,5,4,2025-10-01 06:05:00,6,Morning,15185.0,126,54543.0,EE Route,ee,ee,"1,2,23,17,18,19,20,21,16,22,3"
19051,5,19,2025-10-01 06:05:00,6,Morning,19051.0,4061,54551.0,REXL Route,rexl,rexl,"17,18,16,12,13"
19051,10,21,2025-10-01 06:10:00,6,Morning,19051.0,4061,54551.0,REXL Route,rexl,rexl,"17,18,16,12,13"
15189,10,4,2025-10-01 06:10:00,6,Morning,15189.0,130,59451.0,B/L Loop,b,b,"12,13,14,6,9,10"
15185,10,7,2025-10-01 06:10:00,6,Morning,15185.0,126,54543.0,EE Route,ee,ee,"1,2,23,17,18,19,20,21,16,22,3"
19399,10,0,2025-10-01 06:10:00,6,Morning,19399.0,4063,55368.0,H Route,h,h,"1,2,3,11,10,8,7,5"
13216,10,10,2025-10-01 06:10:00,6,Morning,13216.0,4040,54545.0,LX Route,lx,lx,"1,2,3,12,13,14"
19051,15,26,2025-10-01 06:15:00,6,Morning,19051.0,4061,54551.0,REXL Route,rexl,rexl,"17,18,16,12,13"
15185,15,12,2025-10-01 06:15:00,6,Morning,15185.0,126,54543.0,EE Route,ee,ee,"1,2,23,17,18,19,20,21,16,22,3"
15189,15,4,2025-10-01 06:15:00,6,Morning,15189.0,130,59451.0,B/L Loop,b,b,"12,13,14,6,9,10"
19399,15,3,2025-10-01 06:15:00,6,Morning,19399.0,4063,55368.0,H Route,h,h,"1,2,3,11,10,8,7,5"
13216,15,10,2025-10-01 06:15:00,6,Morning,13216.0,4040,54545.0,LX Route,lx,lx,"1,2,3,12,13,14"
19051,20,30,2025-10-01 06:20:00,6,Morning,19051.0,4061,54551.0,REXL Route,rexl,rexl,"17,18,16,12,13"
19399,20,7,2025-10-01 06:20:00,6,Morning,19399.0,4063,55368.0,H Route,h,h,"1,2,3,11,10,8,7,5"
13216,20,13,2025-10-01 06:20:00,6,Morning,13216.0,4040,54545.0,LX Route,lx,lx,"1,2,3,12,13,14"
15189,20,2,2025-10-01 06:20:00,6,Morning,15189.0,130,59451.0,B/L Loop,b,b,"12,13,14,6,9,10"
15185,20,9,2025-10-01 06:20:00,6,Morning,15185.0,126,54543.0,EE Route,ee,ee,"1,2,23,17,18,19,20,21,16,22,3"
15185,25,7,2025-10-01 06:25:00,6,Morning,15185.0,126,54543.0,EE Route,ee,ee,"1,2,23,17,18,19,20,21,16,22,3"
19399,25,9,2025-10-01 06:25:00,6,Morning,19399.0,4063,55368.0,H Route,h,h,"1,2,3,11,10,8,7,5"
15189,25,1,2025-10-01 06:25:00,6,Morning,15189.0,130,59451.0,B/L Loop,b,b,"12,13,14,6,9,10"
19051,25,30,2025-10-01 06:25:00,6,Morning,19051.0,4061,54551.0,REXL Route,rexl,rexl,"17,18,16,12,13"
13216,25,17,2025-10-01 06:25:00,6,Morning,13216.0,4040,54545.0,LX Route,lx,lx,"1,2,3,12,13,14"
19399,30,1,2025-10-01 06:30:00,6,Morning,19399.0,4063,55368.0,H Route,h,h,"1,2,3,11,10,8,7,5"
15185,30,6,2025-10-01 06:30:00,6,Morning,15185.0,126,54543.0,EE Route,ee,ee,"1,2,23,17,18,19,20,21,16,22,3"
13216,30,25,2025-10-01 06:30:00,6,Morning,13216.0,4040,54545.0,LX Route,lx,lx,"1,2,3,12,13,14"
15189,30,3,2025-10-01 06:30:00,6,Morning,15189.0,130,59451.0,B/L Loop,b,b,"12,13,14,6,9,10"
19051,30,15,2025-10-01 06:30:00,6,Morning,19051.0,4061,54551.0,REXL Route,rexl,rexl,"17,18,16,12,13"
15189,35,1,2025-10-01 06:35:00,6,Morning,15189.0,130,59451.0,B/L Loop,b,b,"12,13,14,6,9,10"
15185,35,5,2025-10-01 06:35:00,6,Morning,15185.0,126,54543.0,EE Route,ee,ee,"1,2,23,17,18,19,20,21,16,22,3"
19399,35,9,2025-10-01 06:35:00,6,Morning,19399.0,4063,55368.0,H Route,h,h,"1,2,3,11,10,8,7,5"
13216,35,30,2025-10-01 06:35:00,6,Morning,13216.0,4040,54545.0,LX Route,lx,lx,"1,2,3,12,13,14"
19051,35,14,2025-10-01 06:35:00,6,Morning,19051.0,4061,54551.0,REXL Route,rexl,rexl,"17,18,16,12,13"
19051,40,14,2025-10-01 06:40:00,6,Morning,19051.0,4061,54551.0,REXL Route,rexl,rexl,"17,18,16,12,13"
13216,40,30,2025-10-01 06:40:00,6,Morning,13216.0,4040,54545.0,LX Route,lx,lx,"1,2,3,12,13,14"
15189,40,1,2025-10-01 06:40:00,6,Morning,15189.0,130,59451.0,B/L Loop,b,b,"12,13,14,6,9,10"
15185,40,6,2025-10-01 06:40:00,6,Morning,15185.0,126,54543.0,EE Route,ee,ee,"1,2,23,17,18,19,20,21,16,22,3"
19399,40,10,2025-10-01 06:40:00,6,Morning,19399.0,4063,55368.0,H Route,h,h,"1,2,3,11,10,8,7,5"
19399,45,4,2025-10-01 06:45:00,6,Morning,19399.0,4063,55368.0,H Route,h,h,"1,2,3,11,10,8,7,5"
19051,45,7,2025-10-01 06:45:00,6,Morning,19051.0,4061,54551.0,REXL Route,rexl,rexl,"17,18,16,12,13"
15189,45,7,2025-10-01 06:45:00,6,Morning,15189.0,130,59451.0,B/L Loop,b,b,"12,13,14,6,9,10"
15185,45,9,2025-10-01 06:45:00,6,Morning,15185.0,126,54543.0,EE Route,ee,ee,"1,2,23,17,18,19,20,21,16,22,3"
13216,45,40,2025-10-01 06:45:00,6,Morning,13216.0,4040,54545.0,LX Route,lx,lx,"1,2,3,12,13,14"
15185,50,9,2025-10-01 06:50:00,6,Morning,15185.0,126,54543.0,EE Route,ee,ee,"1,2,23,17,18,19,20,21,16,22,3"
15189,50,7,2025-10-01 06:50:00,6,Morning,15189.0,130,59451.0,B/L Loop,b,b,"12,13,14,6,9,10"
19399,50,9,2025-10-01 06:50:00,6,Morning,19399.0,4063,55368.0,H Route,h,h,"1,2,3,11,10,8,7,5"
19051,50,0,2025-10-01 06:50:00,6,Morning,19051.0,4061,54551.0,REXL Route,rexl,rexl,"17,18,16,12,13"
13216,50,40,2025-10-01 06:50:00,6,Morning,13216.0,4040,54545.0,LX Route,lx,lx,"1,2,3,12,13,14"
15189,55,4,2025-10-01 06:55:00,6,Morning,15189.0,130,59451.0,B/L Loop,b,b,"12,13,14,6,9,10"
15185,55,18,2025-10-01 06:55:00,6,Morning,15185.0,126,54543.0,EE Route,ee,ee,"1,2,23,17,18,19,20,21,16,22,3"
19399,55,22,2025-10-01 06:55:00,6,Morning,19399.0,4063,55368.0,H Route,h,h,"1,2,3,11,10,8,7,5"
13216,55,40,2025-10-01 06:55:00,6,Morning,13216.0,4040,54545.0,LX Route,lx,lx,"1,2,3,12,13,14"
19051,55,0,2025-10-01 06:55:00,6,Morning,19051.0,4061,54551.0,REXL Route,rexl,rexl,"17,18,16,12,13"
15185,60,13,2025-10-01 07:00:00,7,Morning,15185.0,126,54543.0,EE Route,ee,ee,"1,2,23,17,18,19,20,21,16,22,3"
19399,60,22,2025-10-01 07:00:00,7,Morning,19399.0,4063,55368.0,H Route,h,h,"1,2,3,11,10,8,7,5"
15189,60,15,2025-10-01 07:00:00,7,Morning,15189.0,130,59451.0,B/L Loop,b,b,"12,13,14,6,9,10"
13216,60,28,2025-10-01 07:00:00,7,Morning,13216.0,4040,54545.0,LX Route,lx,lx,"1,2,3,12,13,14"
19051,60,0,2025-10-01 07:00:00,7,Morning,19051.0,4061,54551.0,REXL Route,rexl,rexl,"17,18,16,12,13"
19051,65,1,2025-10-01 07:05:00,7,Morning,19051.0,4061,54551.0,REXL Route,rexl,rexl,"17,18,16,12,13"
19399,65,12,2025-10-01 07:05:00,7,Morning,19399.0,4063,55368.0,H Route,h,h,"1,2,3,11,10,8,7,5"
15185,65,17,2025-10-01 07:05:00,7,Morning,15185.0,126,54543.0,EE Route,ee,ee,"1,2,23,17,18,19,20,21,16,22,3"
15189,65,16,2025-10-01 07:05:00,7,Morning,15189.0,130,59451.0,B/L Loop,b,b,"12,13,14,6,9,10"
13216,65,40,2025-10-01 07:05:00,7,Morning,13216.0,4040,54545.0,LX Route,lx,lx,"1,2,3,12,13,14"
19051,70,1,2025-10-01 07:10:00,7,Morning,19051.0,4061,54551.0,REXL Route,rexl,rexl,"17,18,16,12,13"
19399,70,8,2025-10-01 07:10:00,7,Morning,19399.0,4063,55368.0,H Route,h,h,"1,2,3,11,10,8,7,5"
15185,70,18,2025-10-01 07:10:00,7,Morning,15185.0,126,54543.0,EE Route,ee,ee,"1,2,23,17,18,19,20,21,16,22,3"
15189,70,0,2025-10-01 07:10:00,7,Morning,15189.0,130,59451.0,B/L Loop,b,b,"12,13,14,6,9,10"
13216,70,40,2025-10-01 07:10:00,7,Morning,13216.0,4040,54545.0,LX Route,lx,lx,"1,2,3,12,13,14"
19399,75,10,2025-10-01 07:15:00,7,Morning,19399.0,4063,55368.0,H Route,h,h,"1,2,3,11,10,8,7,5"
15185,75,13,2025-10-01 07:15:00,7,Morning,15185.0,126,54543.0,EE Route,ee,ee,"1,2,23,17,18,19,20,21,16,22,3"
15189,75,0,2025-10-01 07:15:00,7,Morning,15189.0,130,59451.0,B/L Loop,b,b,"12,13,14,6,9,10"
13216,75,40,2025-10-01 07:15:00,7,Morning,13216.0,4040,54545.0,LX Route,lx,lx,"1,2,3,12,13,14"
19051,75,0,2025-10-01 07:15:00,7,Morning,19051.0,4061,54551.0,REXL Route,rexl,rexl,"17,18,16,12,13"
15189,80,0,2025-10-01 07:20:00,7,Morning,15189.0,130,59451.0,B/L Loop,b,b,"12,13,14,6,9,10"
13216,80,40,2025-10-01 07:20:00,7,Morning,13216.0,4040,54545.0,LX Route,lx,lx,"1,2,3,12,13,14"
19051,80,0,2025-10-01 07:20:00,7,Morning,19051.0,4061,54551.0,REXL Route,rexl,rexl,"17,18,16,12,13"
19399,80,21,2025-10-01 07:20:00,7,Morning,19399.0,4063,55368.0,H Route,h,h,"1,2,3,11,10,8,7,5"
15185,80,21,2025-10-01 07:20:00,7,Morning,15185.0,126,54543.0,EE Route,ee,ee,"1,2,23,17,18,19,20,21,16,22,3"
15189,85,1,2025-10-01 07:25:00,7,Morning,15189.0,130,59451.0,B/L Loop,b,b,"12,13,14,6,9,10"
13216,85,39,2025-10-01 07:25:00,7,Morning,13216.0,4040,54545.0,LX Route,lx,lx,"1,2,3,12,13,14"
19051,85,0,2025-10-01 07:25:00,7,Morning,19051.0,4061,54551.0,REXL Route,rexl,rexl,"17,18,16,12,13"
19399,85,21,2025-10-01 07:25:00,7,Morning,19399.0,4063,55368.0,H Route,h,h,"1,2,3,11,10,8,7,5"
15185,85,18,2025-10-01 07:25:00,7,Morning,15185.0,126,54543.0,EE Route,ee,ee,"1,2,23,17,18,19,20,21,16,22,3"
19399,90,28,2025-10-01 07:30:00,7,Morning,19399.0,4063,55368.0,H Route,h,h,"1,2,3,11,10,8,7,5"
15189,90,1,2025-10-01 07:30:00,7,Morning,15189.0,130,59451.0,B/L Loop,b,b,"12,13,14,6,9,10"
19051,90,0,2025-10-01 07:30:00,7,Morning,19051.0,4061,54551.0,REXL Route,rexl,rexl,"17,18,16,12,13"
13216,90,40,2025-10-01 07:30:00,7,Morning,13216.0,4040,54545.0,LX Route,lx,lx,"1,2,3,12,13,14"
15185,90,18,2025-10-01 07:30:00,7,Morning,15185.0,126,54543.0,EE Route,ee,ee,"1,2,23,17,18,19,20,21,16,22,3"
15185,95,9,2025-10-01 07:35:00,7,Morning,15185.0,126,54543.0,EE Route,ee,ee,"1,2,23,17,18,19,20,21,16,22,3"
15189,95,2,2025-10-01 07:35:00,7,Morning,15189.0,130,59451.0,B/L Loop,b,b,"12,13,14,6,9,10"
19399,95,12,2025-10-01 07:35:00,7,Morning,19399.0,4063,55368.0,H Route,h,h,"1,2,3,11,10,8,7,5"
19051,95,0,2025-10-01 07:35:00,7,Morning,19051.0,4061,54551.0,REXL Route,rexl,rexl,"17,18,16,12,13"
13216,95,14,2025-10-01 07:35:00,7,Morning,13216.0,4040,54545.0,LX Route,lx,lx,"1,2,3,12,13,14"
19399,100,13,2025-10-01 07:40:00,7,Morning,19399.0,4063,55368.0,H Route,h,h,"1,2,3,11,10,8,7,5"
19051,100,1,2025-10-01 07:40:00,7,Morning,19051.0,4061,54551.0,REXL Route,rexl,rexl,"17,18,16,12,13"
13216,100,29,2025-10-01 07:40:00,7,Morning,13216.0,4040,54545.0,LX Route,lx,lx,"1,2,3,12,13,14"
15189,100,5,2025-10-01 07:40:00,7,Morning,15189.0,130,59451.0,B/L Loop,b,b,"12,13,14,6,9,10"
15185,100,17,2025-10-01 07:40:00,7,Morning,15185.0,126,54543.0,EE Route,ee,ee,"1,2,23,17,18,19,20,21,16,22,3"
19399,105,13,2025-10-01 07:45:00,7,Morning,19399.0,4063,55368.0,H Route,h,h,"1,2,3,11,10,8,7,5"
19051,105,4,2025-10-01 07:45:00,7,Morning,19051.0,4061,54551.0,REXL Route,rexl,rexl,"17,18,16,12,13"
15189,105,0,2025-10-01 07:45:00,7,Morning,15189.0,130,59451.0,B/L Loop,b,b,"12,13,14,6,9,10"
15185,105,5,2025-10-01 07:45:00,7,Morning,15185.0,126,54543.0,EE Route,ee,ee,"1,2,23,17,18,19,20,21,16,22,3"
13216,105,29,2025-10-01 07:45:00,7,Morning,13216.0,4040,54545.0,LX Route,lx,lx,"1,2,3,12,13,14"
15185,110,6,2025-10-01 07:50:00,7,Morning,15185.0,126,54543.0,EE Route,ee,ee,"1,2,23,17,18,19,20,21,16,22,3"
19399,110,10,2025-10-01 07:50:00,7,Morning,19399.0,4063,55368.0,H Route,h,h,"1,2,3,11,10,8,7,5"
19051,110,0,2025-10-01 07:50:00,7,Morning,19051.0,4061,54551.0,REXL Route,rexl,rexl,"17,18,16,12,13"
15189,110,0,2025-10-01 07:50:00,7,Morning,15189.0,130,59451.0,B/L Loop,b,b,"12,13,14,6,9,10"
13216,110,34,2025-10-01 07:50:00,7,Morning,13216.0,4040,54545.0,LX Route,lx,lx,"1,2,3,12,13,14"
15185,115,6,2025-10-01 07:55:00,7,Morning,15185.0,126,54543.0,EE Route,ee,ee,"1,2,23,17,18,19,20,21,16,22,3"
15189,115,0,2025-10-01 07:55:00,7,Morning,15189.0,130,59451.0,B/L Loop,b,b,"12,13,14,6,9,10"
13216,115,27,2025-10-01 07:55:00,7,Morning,13216.0,4040,54545.0,LX Route,lx,lx,"1,2,3,12,13,14"
19399,115,9,2025-10-01 07:55:00,7,Morning,19399.0,4063,55368.0,H Route,h,h,"1,2,3,11,10,8,7,5"
19051,115,7,2025-10-01 07:55:00,7,Morning,19051.0,4061,54551.0,REXL Route,rexl,rexl,"17,18,16,12,13"
15185,120,6,2025-10-01 08:00:00,8,Morning,15185.0,126,54543.0,EE Route,ee,ee,"1,2,23,17,18,19,20,21,16,22,3"
19399,120,13,2025-10-01 08:00:00,8,Morning,19399.0,4063,55368.0,H Route,h,h,"1,2,3,11,10,8,7,5"
19051,120,12,2025-10-01 08:00:00,8,Morning,19051.0,4061,54551.0,REXL Route,rexl,rexl,"17,18,16,12,13"
13216,120,27,2025-10-01 08:00:00,8,Morning,13216.0,4040,54545.0,LX Route,lx,lx,"1,2,3,12,13,14"
15189,120,1,2025-10-01 08:00:00,8,Morning,15189.0,130,59451.0,B/L Loop,b,b,"12,13,14,6,9,10"
19051,125,10,2025-10-01 08:05:00,8,Morning,19051.0,4061,54551.0,REXL Route,rexl,rexl,"17,18,16,12,13"
19399,125,16,2025-10-01 08:05:00,8,Morning,19399.0,4063,55368.0,H Route,h,h,"1,2,3,11,10,8,7,5"
13216,125,12,2025-10-01 08:05:00,8,Morning,13216.0,4040,54545.0,LX Route,lx,lx,"1,2,3,12,13,14"
15185,125,8,2025-10-01 08:05:00,8,Morning,15185.0,126,54543.0,EE Route,ee,ee,"1,2,23,17,18,19,20,21,16,22,3"
15189,125,3,2025-10-01 08:05:00,8,Morning,15189.0,130,59451.0,B/L Loop,b,b,"12,13,14,6,9,10"
13216,130,2,2025-10-01 08:10:00,8,Morning,13216.0,4040,54545.0,LX Route,lx,lx,"1,2,3,12,13,14"
15189,130,2,2025-10-01 08:10:00,8,Morning,15189.0,130,59451.0,B/L Loop,b,b,"12,13,14,6,9,10"
19051,130,13,2025-10-01 08:10:00,8,Morning,19051.0,4061,54551.0,REXL Route,rexl,rexl,"17,18,16,12,13"
19399,130,13,2025-10-01 08:10:00,8,Morning,19399.0,4063,55368.0,H Route,h,h,"1,2,3,11,10,8,7,5"
15185,130,9,2025-10-01 08:10:00,8,Morning,15185.0,126,54543.0,EE Route,ee,ee,"1,2,23,17,18,19,20,21,16,22,3"
19399,135,17,2025-10-01 08:15:00,8,Morning,19399.0,4063,55368.0,H Route,h,h,"1,2,3,11,10,8,7,5"
15189,135,0,2025-10-01 08:15:00,8,Morning,15189.0,130,59451.0,B/L Loop,b,b,"12,13,14,6,9,10"
15185,135,12,2025-10-01 08:15:00,8,Morning,15185.0,126,54543.0,EE Route,ee,ee,"1,2,23,17,18,19,20,21,16,22,3"
13216,135,1,2025-10-01 08:15:00,8,Morning,13216.0,4040,54545.0,LX Route,lx,lx,"1,2,3,12,13,14"
19051,135,13,2025-10-01 08:15:00,8,Morning,19051.0,4061,54551.0,REXL Route,rexl,rexl,"17,18,16,12,13"
13216,140,13,2025-10-01 08:20:00,8,Morning,13216.0,4040,54545.0,LX Route,lx,lx,"1,2,3,12,13,14"
19051,140,4,2025-10-01 08:20:00,8,Morning,19051.0,4061,54551.0,REXL Route,rexl,rexl,"17,18,16,12,13"
15185,140,12,2025-10-01 08:20:00,8,Morning,15185.0,126,54543.0,EE Route,ee,ee,"1,2,23,17,18,19,20,21,16,22,3"
19399,140,15,2025-10-01 08:20:00,8,Morning,19399.0,4063,55368.0,H Route,h,h,"1,2,3,11,10,8,7,5"
15189,140,0,2025-10-01 08:20:00,8,Morning,15189.0,130,59451.0,B/L Loop,b,b,"12,13,14,6,9,10"
13216,145,16,2025-10-01 08:25:00,8,Morning,13216.0,4040,54545.0,LX Route,lx,lx,"1,2,3,12,13,14"
19051,145,6,2025-10-01 08:25:00,8,Morning,19051.0,4061,54551.0,REXL Route,rexl,rexl,"17,18,16,12,13"
15185,145,27,2025-10-01 08:25:00,8,Morning,15185.0,126,54543.0,EE Route,ee,ee,"1,2,23,17,18,19,20,21,16,22,3"
19399,145,4,2025-10-01 08:25:00,8,Morning,19399.0,4063,55368.0,H Route,h,h,"1,2,3,11,10,8,7,5"
15189,145,3,2025-10-01 08:25:00,8,Morning,15189.0,130,59451.0,B/L Loop,b,b,"12,13,14,6,9,10"
19051,150,3,2025-10-01 08:30:00,8,Morning,19051.0,4061,54551.0,REXL Route,rexl,rexl,"17,18,16,12,13"
15189,150,3,2025-10-01 08:30:00,8,Morning,15189.0,130,59451.0,B/L Loop,b,b,"12,13,14,6,9,10"
15185,150,32,2025-10-01 08:30:00,8,Morning,15185.0,126,54543.0,EE Route,ee,ee,"1,2,23,17,18,19,20,21,16,22,3"
13216,150,15,2025-10-01 08:30:00,8,Morning,13216.0,4040,54545.0,LX Route,lx,lx,"1,2,3,12,13,14"
19399,150,1,2025-10-01 08:30:00,8,Morning,19399.0,4063,55368.0,H Route,h,h,"1,2,3,11,10,8,7,5"
15185,155,31,2025-10-01 08:35:00,8,Morning,15185.0,126,54543.0,EE Route,ee,ee,"1,2,23,17,18,19,20,21,16,22,3"
19399,155,0,2025-10-01 08:35:00,8,Morning,19399.0,4063,55368.0,H Route,h,h,"1,2,3,11,10,8,7,5"
13216,155,4,2025-10-01 08:35:00,8,Morning,13216.0,4040,54545.0,LX Route,lx,lx,"1,2,3,12,13,14"
19051,155,1,2025-10-01 08:35:00,8,Morning,19051.0,4061,54551.0,REXL Route,rexl,rexl,"17,18,16,12,13"
15189,155,1,2025-10-01 08:35:00,8,Morning,15189.0,130,59451.0,B/L Loop,b,b,"12,13,14,6,9,10"
15189,160,5,2025-10-01 08:40:00,8,Morning,15189.0,130,59451.0,B/L Loop,b,b,"12,13,14,6,9,10"
15185,160,30,2025-10-01 08:40:00,8,Morning,15185.0,126,54543.0,EE Route,ee,ee,"1,2,23,17,18,19,20,21,16,22,3"
13216,160,1,2025-10-01 08:40:00,8,Morning,13216.0,4040,54545.0,LX Route,lx,lx,"1,2,3,12,13,14"
19399,160,2,2025-10-01 08:40:00,8,Morning,19399.0,4063,55368.0,H Route,h,h,"1,2,3,11,10,8,7,5"
19051,160,11,2025-10-01 08:40:00,8,Morning,19051.0,4061,54551.0,REXL Route,rexl,rexl,"17,18,16,12,13"
19399,165,4,2025-10-01 08:45:00,8,Morning,19399.0,4063,55368.0,H Route,h,h,"1,2,3,11,10,8,7,5"
15185,165,13,2025-10-01 08:45:00,8,Morning,15185.0,126,54543.0,EE Route,ee,ee,"1,2,23,17,18,19,20,21,16,22,3"
13216,165,30,2025-10-01 08:45:00,8,Morning,13216.0,4040,54545.0,LX Route,lx,lx,"1,2,3,12,13,14"
15189,165,5,2025-10-01 08:45:00,8,Morning,15189.0,130,59451.0,B/L Loop,b,b,"12,13,14,6,9,10"
19051,165,17,2025-10-01 08:45:00,8,Morning,19051.0,4061,54551.0,REXL Route,rexl,rexl,"17,18,16,12,13"
13216,170,31,2025-10-01 08:50:00,8,Morning,13216.0,4040,54545.0,LX Route,lx,lx,"1,2,3,12,13,14"
19399,170,5,2025-10-01 08:50:00,8,Morning,19399.0,4063,55368.0,H Route,h,h,"1,2,3,11,10,8,7,5"
15185,170,13,2025-10-01 08:50:00,8,Morning,15185.0,126,54543.0,EE Route,ee,ee,"1,2,23,17,18,19,20,21,16,22,3"
19051,170,19,2025-10-01 08:50:00,8,Morning,19051.0,4061,54551.0,REXL Route,rexl,rexl,"17,18,16,12,13"
15189,170,0,2025-10-01 08:50:00,8,Morning,15189.0,130,59451.0,B/L Loop,b,b,"12,13,14,6,9,10"
19051,175,24,2025-10-01 08:55:00,8,Morning,19051.0,4061,54551.0,REXL Route,rexl,rexl,"17,18,16,12,13"
13216,175,30,2025-10-01 08:55:00,8,Morning,13216.0,4040,54545.0,LX Route,lx,lx,"1,2,3,12,13,14"
19399,175,7,2025-10-01 08:55:00,8,Morning,19399.0,4063,55368.0,H Route,h,h,"1,2,3,11,10,8,7,5"
15185,175,12,2025-10-01 08:55:00,8,Morning,15185.0,126,54543.0,EE Route,ee,ee,"1,2,23,17,18,19,20,21,16,22,3"
15189,175,0,2025-10-01 08:55:00,8,Morning,15189.0,130,59451.0,B/L Loop,b,b,"12,13,14,6,9,10"
20284,180,16,2025-10-01 09:00:00,9,Morning,20284.0,2479,54543.0,EE Route,ee,ee,"1,2,23,17,18,19,20,21,16,22,3"
19399,180,6,2025-10-01 09:00:00,9,Morning,19399.0,4063,55368.0,H Route,h,h,"1,2,3,11,10,8,7,5"
13216,180,18,2025-10-01 09:00:00,9,Morning,13216.0,4040,54545.0,LX Route,lx,lx,"1,2,3,12,13,14"
19051,180,25,2025-10-01 09:00:00,9,Morning,19051.0,4061,54551.0,REXL Route,rexl,rexl,"17,18,16,12,13"
15189,180,0,2025-10-01 09:00:00,9,Morning,15189.0,130,59451.0,B/L Loop,b,b,"12,13,14,6,9,10"
15185,180,27,2025-10-01 09:00:00,9,Morning,15185.0,126,54543.0,EE Route,ee,ee,"1,2,23,17,18,19,20,21,16,22,3"
19051,185,25,2025-10-01 09:05:00,9,Morning,19051.0,4061,54551.0,REXL Route,rexl,rexl,"17,18,16,12,13"
13216,185,24,2025-10-01 09:05:00,9,Morning,13216.0,4040,54545.0,LX Route,lx,lx,"1,2,3,12,13,14"
15185,185,30,2025-10-01 09:05:00,9,Morning,15185.0,126,54543.0,EE Route,ee,ee,"1,2,23,17,18,19,20,21,16,22,3"
20284,185,7,2025-10-01 09:05:00,9,Morning,20284.0,2479,54543.0,EE Route,ee,ee,"1,2,23,17,18,19,20,21,16,22,3"
19399,185,1,2025-10-01 09:05:00,9,Morning,19399.0,4063,55368.0,H Route,h,h,"1,2,3,11,10,8,7,5"
15189,185,0,2025-10-01 09:05:00,9,Morning,15189.0,130,59451.0,B/L Loop,b,b,"12,13,14,6,9,10"
20284,190,1,2025-10-01 09:10:00,9,Morning,20284.0,2479,54543.0,EE Route,ee,ee,"1,2,23,17,18,19,20,21,16,22,3"
13216,190,25,2025-10-01 09:10:00,9,Morning,13216.0,4040,54545.0,LX Route,lx,lx,"1,2,3,12,13,14"
19051,190,23,2025-10-01 09:10:00,9,Morning,19051.0,4061,54551.0,REXL Route,rexl,rexl,"17,18,16,12,13"
15185,190,24,2025-10-01 09:10:00,9,Morning,15185.0,126,54543.0,EE Route,ee,ee,"1,2,23,17,18,19,20,21,16,22,3"
15189,190,8,2025-10-01 09:10:00,9,Morning,15189.0,130,59451.0,B/L Loop,b,b,"12,13,14,6,9,10"
19399,190,2,2025-10-01 09:10:00,9,Morning,19399.0,4063,55368.0,H Route,h,h,"1,2,3,11,10,8,7,5"
15185,195,25,2025-10-01 09:15:00,9,Morning,15185.0,126,54543.0,EE Route,ee,ee,"1,2,23,17,18,19,20,21,16,22,3"
15189,195,13,2025-10-01 09:15:00,9,Morning,15189.0,130,59451.0,B/L Loop,b,b,"12,13,14,6,9,10"
19399,195,0,2025-10-01 09:15:00,9,Morning,19399.0,4063,55368.0,H Route,h,h,"1,2,3,11,10,8,7,5"
19051,195,18,2025-10-01 09:15:00,9,Morning,19051.0,4061,54551.0,REXL Route,rexl,rexl,"17,18,16,12,13"
13216,195,19,2025-10-01 09:15:00,9,Morning,13216.0,4040,54545.0,LX Route,lx,lx,"1,2,3,12,13,14"
20284,195,4,2025-10-01 09:15:00,9,Morning,20284.0,2479,54543.0,EE Route,ee,ee,"1,2,23,17,18,19,20,21,16,22,3"
13216,200,17,2025-10-01 09:20:00,9,Morning,13216.0,4040,54545.0,LX Route,lx,lx,"1,2,3,12,13,14"
19399,200,2,2025-10-01 09:20:00,9,Morning,19399.0,4063,55368.0,H Route,h,h,"1,2,3,11,10,8,7,5"
19051,200,24,2025-10-01 09:20:00,9,Morning,19051.0,4061,54551.0,REXL Route,rexl,rexl,"17,18,16,12,13"
15185,200,15,2025-10-01 09:20:00,9,Morning,15185.0,126,54543.0,EE Route,ee,ee,"1,2,23,17,18,19,20,21,16,22,3"
15189,200,3,2025-10-01 09:20:00,9,Morning,15189.0,130,59451.0,B/L Loop,b,b,"12,13,14,6,9,10"
20284,200,3,2025-10-01 09:20:00,9,Morning,20284.0,2479,54543.0,EE Route,ee,ee,"1,2,23,17,18,19,20,21,16,22,3"
15189,205,3,2025-10-01 09:25:00,9,Morning,15189.0,130,59451.0,B/L Loop,b,b,"12,13,14,6,9,10"
19399,205,4,2025-10-01 09:25:00,9,Morning,19399.0,4063,55368.0,H Route,h,h,"1,2,3,11,10,8,7,5"
19051,205,19,2025-10-01 09:25:00,9,Morning,19051.0,4061,54551.0,REXL Route,rexl,rexl,"17,18,16,12,13"
13216,205,17,2025-10-01 09:25:00,9,Morning,13216.0,4040,54545.0,LX Route,lx,lx,"1,2,3,12,13,14"
15185,205,12,2025-10-01 09:25:00,9,Morning,15185.0,126,54543.0,EE Route,ee,ee,"1,2,23,17,18,19,20,21,16,22,3"
20284,205,5,2025-10-01 09:25:00,9,Morning,20284.0,2479,54543.0,EE Route,ee,ee,"1,2,23,17,18,19,20,21,16,22,3"
13216,210,6,2025-10-01 09:30:00,9,Morning,13216.0,4040,54545.0,LX Route,lx,lx,"1,2,3,12,13,14"
15185,210,9,2025-10-01 09:30:00,9,Morning,15185.0,126,54543.0,EE Route,ee,ee,"1,2,23,17,18,19,20,21,16,22,3"
20284,210,22,2025-10-01 09:30:00,9,Morning,20284.0,2479,54543.0,EE Route,ee,ee,"1,2,23,17,18,19,20,21,16,22,3"
19399,210,3,2025-10-01 09:30:00,9,Morning,19399.0,4063,55368.0,H Route,h,h,"1,2,3,11,10,8,7,5"
19051,210,19,2025-10-01 09:30:00,9,Morning,19051.0,4061,54551.0,REXL Route,rexl,rexl,"17,18,16,12,13"
15189,210,0,2025-10-01 09:30:00,9,Morning,15189.0,130,59451.0,B/L Loop,b,b,"12,13,14,6,9,10"
19399,215,18,2025-10-01 09:35:00,9,Morning,19399.0,4063,55368.0,H Route,h,h,"1,2,3,11,10,8,7,5"
20284,215,24,2025-10-01 09:35:00,9,Morning,20284.0,2479,54543.0,EE Route,ee,ee,"1,2,23,17,18,19,20,21,16,22,3"
13216,215,8,2025-10-01 09:35:00,9,Morning,13216.0,4040,54545.0,LX Route,lx,lx,"1,2,3,12,13,14"
19051,215,4,2025-10-01 09:35:00,9,Morning,19051.0,4061,54551.0,REXL Route,rexl,rexl,"17,18,16,12,13"
15189,215,0,2025-10-01 09:35:00,9,Morning,15189.0,130,59451.0,B/L Loop,b,b,"12,13,14,6,9,10"
15185,215,9,2025-10-01 09:35:00,9,Morning,15185.0,126,54543.0,EE Route,ee,ee,"1,2,23,17,18,19,20,21,16,22,3"
19399,220,19,2025-10-01 09:40:00,9,Morning,19399.0,4063,55368.0,H Route,h,h,"1,2,3,11,10,8,7,5"
15189,220,3,2025-10-01 09:40:00,9,Morning,15189.0,130,59451.0,B/L Loop,b,b,"12,13,14,6,9,10"
15185,220,9,2025-10-01 09:40:00,9,Morning,15185.0,126,54543.0,EE Route,ee,ee,"1,2,23,17,18,19,20,21,16,22,3"
13216,220,8,2025-10-01 09:40:00,9,Morning,13216.0,4040,54545.0,LX Route,lx,lx,"1,2,3,12,13,14"
20284,220,14,2025-10-01 09:40:00,9,Morning,20284.0,2479,54543.0,EE Route,ee,ee,"1,2,23,17,18,19,20,21,16,22,3"
19051,220,4,2025-10-01 09:40:00,9,Morning,19051.0,4061,54551.0,REXL Route,rexl,rexl,"17,18,16,12,13"
19412,220,7,2025-10-01 09:40:00,9,Morning,,,,,,,
20284,225,11,2025-10-01 09:45:00,9,Morning,20284.0,2479,54543.0,EE Route,ee,ee,"1,2,23,17,18,19,20,21,16,22,3"
19051,225,5,2025-10-01 09:45:00,9,Morning,19051.0,4061,54551.0,REXL Route,rexl,rexl,"17,18,16,12,13"
15185,225,13,2025-10-01 09:45:00,9,Morning,15185.0,126,54543.0,EE Route,ee,ee,"1,2,23,17,18,19,20,21,16,22,3"
15189,225,3,2025-10-01 09:45:00,9,Morning,15189.0,130,59451.0,B/L Loop,b,b,"12,13,14,6,9,10"
19399,225,16,2025-10-01 09:45:00,9,Morning,19399.0,4063,55368.0,H Route,h,h,"1,2,3,11,10,8,7,5"
13216,225,6,2025-10-01 09:45:00,9,Morning,13216.0,4040,54545.0,LX Route,lx,lx,"1,2,3,12,13,14"
19412,225,4,2025-10-01 09:45:00,9,Morning,,,,,,,
20284,230,3,2025-10-01 09:50:00,9,Morning,20284.0,2479,54543.0,EE Route,ee,ee,"1,2,23,17,18,19,20,21,16,22,3"
19399,230,17,2025-10-01 09:50:00,9,Morning,19399.0,4063,55368.0,H Route,h,h,"1,2,3,11,10,8,7,5"
19051,230,5,2025-10-01 09:50:00,9,Morning,19051.0,4061,54551.0,REXL Route,rexl,rexl,"17,18,16,12,13"
15185,230,11,2025-10-01 09:50:00,9,Morning,15185.0,126,54543.0,EE Route,ee,ee,"1,2,23,17,18,19,20,21,16,22,3"
13216,230,8,2025-10-01 09:50:00,9,Morning,13216.0,4040,54545.0,LX Route,lx,lx,"1,2,3,12,13,14"
19412,230,6,2025-10-01 09:50:00,9,Morning,,,,,,,
15189,230,4,2025-10-01 09:50:00,9,Morning,15189.0,130,59451.0,B/L Loop,b,b,"12,13,14,6,9,10"
19399,235,15,2025-10-01 09:55:00,9,Morning,19399.0,4063,55368.0,H Route,h,h,"1,2,3,11,10,8,7,5"
15189,235,4,2025-10-01 09:55:00,9,Morning,15189.0,130,59451.0,B/L Loop,b,b,"12,13,14,6,9,10"
19412,235,3,2025-10-01 09:55:00,9,Morning,,,,,,,
20284,235,1,2025-10-01 09:55:00,9,Morning,20284.0,2479,54543.0,EE Route,ee,ee,"1,2,23,17,18,19,20,21,16,22,3"
19051,235,10,2025-10-01 09:55:00,9,Morning,19051.0,4061,54551.0,REXL Route,rexl,rexl,"17,18,16,12,13"
15185,235,12,2025-10-01 09:55:00,9,Morning,15185.0,126,54543.0,EE Route,ee,ee,"1,2,23,17,18,19,20,21,16,22,3"
13216,235,8,2025-10-01 09:55:00,9,Morning,13216.0,4040,54545.0,LX Route,lx,lx,"1,2,3,12,13,14"
15189,240,1,2025-10-01 10:00:00,10,Morning,15189.0,130,59451.0,B/L Loop,b,b,"12,13,14,6,9,10"
15185,240,7,2025-10-01 10:00:00,10,Morning,15185.0,126,54543.0,EE Route,ee,ee,"1,2,23,17,18,19,20,21,16,22,3"
20284,240,3,2025-10-01 10:00:00,10,Morning,20284.0,2479,54543.0,EE Route,ee,ee,"1,2,23,17,18,19,20,21,16,22,3"
19399,240,7,2025-10-01 10:00:00,10,Morning,19399.0,4063,55368.0,H Route,h,h,"1,2,3,11,10,8,7,5"
19412,240,5,2025-10-01 10:00:00,10,Morning,,,,,,,
19051,240,13,2025-10-01 10:00:00,10,Morning,19051.0,4061,54551.0,REXL Route,rexl,rexl,"17,18,16,12,13"
13216,240,12,2025-10-01 10:00:00,10,Morning,13216.0,4040,54545.0,LX Route,lx,lx,"1,2,3,12,13,14"
13216,245,12,2025-10-01 10:05:00,10,Morning,13216.0,4040,54545.0,LX Route,lx,lx,"1,2,3,12,13,14"
15189,245,1,2025-10-01 10:05:00,10,Morning,15189.0,130,59451.0,B/L Loop,b,b,"12,13,14,6,9,10"
20284,245,1,2025-10-01 10:05:00,10,Morning,20284.0,2479,54543.0,EE Route,ee,ee,"1,2,23,17,18,19,20,21,16,22,3"
19051,245,16,2025-10-01 10:05:00,10,Morning,19051.0,4061,54551.0,REXL Route,rexl,rexl,"17,18,16,12,13"
19412,245,7,2025-10-01 10:05:00,10,Morning,,,,,,,
15185,245,8,2025-10-01 10:05:00,10,Morning,15185.0,126,54543.0,EE Route,ee,ee,"1,2,23,17,18,19,20,21,16,22,3"
19399,245,4,2025-10-01 10:05:00,10,Morning,19399.0,4063,55368.0,H Route,h,h,"1,2,3,11,10,8,7,5"
19051,250,15,2025-10-01 10:10:00,10,Morning,19051.0,4061,54551.0,REXL Route,rexl,rexl,"17,18,16,12,13"
19412,250,4,2025-10-01 10:10:00,10,Morning,,,,,,,
15185,250,6,2025-10-01 10:10:00,10,Morning,15185.0,126,54543.0,EE Route,ee,ee,"1,2,23,17,18,19,20,21,16,22,3"
13216,250,7,2025-10-01 10:10:00,10,Morning,13216.0,4040,54545.0,LX Route,lx,lx,"1,2,3,12,13,14"
15189,250,1,2025-10-01 10:10:00,10,Morning,15189.0,130,59451.0,B/L Loop,b,b,"12,13,14,6,9,10"
20284,250,19,2025-10-01 10:10:00,10,Morning,20284.0,2479,54543.0,EE Route,ee,ee,"1,2,23,17,18,19,20,21,16,22,3"
19399,250,4,2025-10-01 10:10:00,10,Morning,19399.0,4063,55368.0,H Route,h,h,"1,2,3,11,10,8,7,5"
15189,255,1,2025-10-01 10:15:00,10,Morning,15189.0,130,59451.0,B/L Loop,b,b,"12,13,14,6,9,10"
19412,255,7,2025-10-01 10:15:00,10,Morning,,,,,,,
19051,255,16,2025-10-01 10:15:00,10,Morning,19051.0,4061,54551.0,REXL Route,rexl,rexl,"17,18,16,12,13"
20284,255,29,2025-10-01 10:15:00,10,Morning,20284.0,2479,54543.0,EE Route,ee,ee,"1,2,23,17,18,19,20,21,16,22,3"
19399,255,6,2025-10-01 10:15:00,10,Morning,19399.0,4063,55368.0,H Route,h,h,"1,2,3,11,10,8,7,5"
13216,255,4,2025-10-01 10:15:00,10,Morning,13216.0,4040,54545.0,LX Route,lx,lx,"1,2,3,12,13,14"
15185,255,9,2025-10-01 10:15:00,10,Morning,15185.0,126,54543.0,EE Route,ee,ee,"1,2,23,17,18,19,20,21,16,22,3"
20284,260,19,2025-10-01 10:20:00,10,Morning,20284.0,2479,54543.0,EE Route,ee,ee,"1,2,23,17,18,19,20,21,16,22,3"
19399,260,6,2025-10-01 10:20:00,10,Morning,19399.0,4063,55368.0,H Route,h,h,"1,2,3,11,10,8,7,5"
15189,260,7,2025-10-01 10:20:00,10,Morning,15189.0,130,59451.0,B/L Loop,b,b,"12,13,14,6,9,10"
13216,260,4,2025-10-01 10:20:00,10,Morning,13216.0,4040,54545.0,LX Route,lx,lx,"1,2,3,12,13,14"
15185,260,9,2025-10-01 10:20:00,10,Morning,15185.0,126,54543.0,EE Route,ee,ee,"1,2,23,17,18,19,20,21,16,22,3"
19051,260,18,2025-10-01 10:20:00,10,Morning,19051.0,4061,54551.0,REXL Route,rexl,rexl,"17,18,16,12,13"
19412,260,12,2025-10-01 10:20:00,10,Morning,,,,,,,
19399,265,1,2025-10-01 10:25:00,10,Morning,19399.0,4063,55368.0,H Route,h,h,"1,2,3,11,10,8,7,5"
15189,265,1,2025-10-01 10:25:00,10,Morning,15189.0,130,59451.0,B/L Loop,b,b,"12,13,14,6,9,10"
20284,265,12,2025-10-01 10:25:00,10,Morning,20284.0,2479,54543.0,EE Route,ee,ee,"1,2,23,17,18,19,20,21,16,22,3"
13216,265,3,2025-10-01 10:25:00,10,Morning,13216.0,4040,54545.0,LX Route,lx,lx,"1,2,3,12,13,14"
15185,265,9,2025-10-01 10:25:00,10,Morning,15185.0,126,54543.0,EE Route,ee,ee,"1,2,23,17,18,19,20,21,16,22,3"
19412,265,4,2025-10-01 10:25:00,10,Morning,,,,,,,
19051,265,13,2025-10-01 10:25:00,10,Morning,19051.0,4061,54551.0,REXL Route,rexl,rexl,"17,18,16,12,13"
19051,270,11,2025-10-01 10:30:00,10,Morning,19051.0,4061,54551.0,REXL Route,rexl,rexl,"17,18,16,12,13"
15185,270,15,2025-10-01 10:30:00,10,Morning,15185.0,126,54543.0,EE Route,ee,ee,"1,2,23,17,18,19,20,21,16,22,3"
15189,270,0,2025-10-01 10:30:00,10,Morning,15189.0,130,59451.0,B/L Loop,b,b,"12,13,14,6,9,10"
20284,270,0,2025-10-01 10:30:00,10,Morning,20284.0,2479,54543.0,EE Route,ee,ee,"1,2,23,17,18,19,20,21,16,22,3"
19399,270,3,2025-10-01 10:30:00,10,Morning,19399.0,4063,55368.0,H Route,h,h,"1,2,3,11,10,8,7,5"
19412,270,0,2025-10-01 10:30:00,10,Morning,,,,,,,
13216,270,6,2025-10-01 10:30:00,10,Morning,13216.0,4040,54545.0,LX Route,lx,lx,"1,2,3,12,13,14"
15185,275,16,2025-10-01 10:35:00,10,Morning,15185.0,126,54543.0,EE Route,ee,ee,"1,2,23,17,18,19,20,21,16,22,3"
19051,275,11,2025-10-01 10:35:00,10,Morning,19051.0,4061,54551.0,REXL Route,rexl,rexl,"17,18,16,12,13"
19399,275,2,2025-10-01 10:35:00,10,Morning,19399.0,4063,55368.0,H Route,h,h,"1,2,3,11,10,8,7,5"
15189,275,0,2025-10-01 10:35:00,10,Morning,15189.0,130,59451.0,B/L Loop,b,b,"12,13,14,6,9,10"
20284,275,0,2025-10-01 10:35:00,10,Morning,20284.0,2479,54543.0,EE Route,ee,ee,"1,2,23,17,18,19,20,21,16,22,3"
13216,275,8,2025-10-01 10:35:00,10,Morning,13216.0,4040,54545.0,LX Route,lx,lx,"1,2,3,12,13,14"
19412,275,2,2025-10-01 10:35:00,10,Morning,,,,,,,
19051,280,7,2025-10-01 10:40:00,10,Morning,19051.0,4061,54551.0,REXL Route,rexl,rexl,"17,18,16,12,13"
19399,280,0,2025-10-01 10:40:00,10,Morning,19399.0,4063,55368.0,H Route,h,h,"1,2,3,11,10,8,7,5"
15189,280,0,2025-10-01 10:40:00,10,Morning,15189.0,130,59451.0,B/L Loop,b,b,"12,13,14,6,9,10"
13216,280,6,2025-10-01 10:40:00,10,Morning,13216.0,4040,54545.0,LX Route,lx,lx,"1,2,3,12,13,14"
19412,280,2,2025-10-01 10:40:00,10,Morning,,,,,,,
15185,280,19,2025-10-01 10:40:00,10,Morning,15185.0,126,54543.0,EE Route,ee,ee,"1,2,23,17,18,19,20,21,16,22,3"
20284,280,0,2025-10-01 10:40:00,10,Morning,20284.0,2479,54543.0,EE Route,ee,ee,"1,2,23,17,18,19,20,21,16,22,3"
19412,285,3,2025-10-01 10:45:00,10,Morning,,,,,,,
19051,285,10,2025-10-01 10:45:00,10,Morning,19051.0,4061,54551.0,REXL Route,rexl,rexl,"17,18,16,12,13"
15185,285,18,2025-10-01 10:45:00,10,Morning,15185.0,126,54543.0,EE Route,ee,ee,"1,2,23,17,18,19,20,21,16,22,3"
20284,285,0,2025-10-01 10:45:00,10,Morning,20284.0,2479,54543.0,EE Route,ee,ee,"1,2,23,17,18,19,20,21,16,22,3"
13216,285,2,2025-10-01 10:45:00,10,Morning,13216.0,4040,54545.0,LX Route,lx,lx,"1,2,3,12,13,14"
15189,285,0,2025-10-01 10:45:00,10,Morning,15189.0,130,59451.0,B/L Loop,b,b,"12,13,14,6,9,10"
19399,285,8,2025-10-01 10:45:00,10,Morning,19399.0,4063,55368.0,H Route,h,h,"1,2,3,11,10,8,7,5"
19051,290,10,2025-10-01 10:50:00,10,Morning,19051.0,4061,54551.0,REXL Route,rexl,rexl,"17,18,16,12,13"
19412,290,6,2025-10-01 10:50:00,10,Morning,,,,,,,
20284,290,4,2025-10-01 10:50:00,10,Morning,20284.0,2479,54543.0,EE Route,ee,ee,"1,2,23,17,18,19,20,21,16,22,3"
13216,290,1,2025-10-01 10:50:00,10,Morning,13216.0,4040,54545.0,LX Route,lx,lx,"1,2,3,12,13,14"
15185,290,17,2025-10-01 10:50:00,10,Morning,15185.0,126,54543.0,EE Route,ee,ee,"1,2,23,17,18,19,20,21,16,22,3"
15189,290,1,2025-10-01 10:50:00,10,Morning,15189.0,130,59451.0,B/L Loop,b,b,"12,13,14,6,9,10"
19399,290,5,2025-10-01 10:50:00,10,Morning,19399.0,4063,55368.0,H Route,h,h,"1,2,3,11,10,8,7,5"
15189,295,1,2025-10-01 10:55:00,10,Morning,15189.0,130,59451.0,B/L Loop,b,b,"12,13,14,6,9,10"
13216,295,1,2025-10-01 10:55:00,10,Morning,13216.0,4040,54545.0,LX Route,lx,lx,"1,2,3,12,13,14"
15185,295,17,2025-10-01 10:55:00,10,Morning,15185.0,126,54543.0,EE Route,ee,ee,"1,2,23,17,18,19,20,21,16,22,3"
19051,295,6,2025-10-01 10:55:00,10,Morning,19051.0,4061,54551.0,REXL Route,rexl,rexl,"17,18,16,12,13"
19412,295,1,2025-10-01 10:55:00,10,Morning,,,,,,,
19399,295,8,2025-10-01 10:55:00,10,Morning,19399.0,4063,55368.0,H Route,h,h,"1,2,3,11,10,8,7,5"
20284,295,4,2025-10-01 10:55:00,10,Morning,20284.0,2479,54543.0,EE Route,ee,ee,"1,2,23,17,18,19,20,21,16,22,3"
13216,300,3,2025-10-01 11:00:00,11,Morning,13216.0,4040,54545.0,LX Route,lx,lx,"1,2,3,12,13,14"
19399,300,9,2025-10-01 11:00:00,11,Morning,19399.0,4063,55368.0,H Route,h,h,"1,2,3,11,10,8,7,5"
19051,300,6,2025-10-01 11:00:00,11,Morning,19051.0,4061,54551.0,REXL Route,rexl,rexl,"17,18,16,12,13"
19412,300,1,2025-10-01 11:00:00,11,Morning,,,,,,,
15185,300,18,2025-10-01 11:00:00,11,Morning,15185.0,126,54543.0,EE Route,ee,ee,"1,2,23,17,18,19,20,21,16,22,3"
15189,300,1,2025-10-01 11:00:00,11,Morning,15189.0,130,59451.0,B/L Loop,b,b,"12,13,14,6,9,10"
20284,300,4,2025-10-01 11:00:00,11,Morning,20284.0,2479,54543.0,EE Route,ee,ee,"1,2,23,17,18,19,20,21,16,22,3"
19399,305,11,2025-10-01 11:05:00,11,Morning,19399.0,4063,55368.0,H Route,h,h,"1,2,3,11,10,8,7,5"
13216,305,7,2025-10-01 11:05:00,11,Morning,13216.0,4040,54545.0,LX Route,lx,lx,"1,2,3,12,13,14"
15185,305,9,2025-10-01 11:05:00,11,Morning,15185.0,126,54543.0,EE Route,ee,ee,"1,2,23,17,18,19,20,21,16,22,3"
19051,305,6,2025-10-01 11:05:00,11,Morning,19051.0,4061,54551.0,REXL Route,rexl,rexl,"17,18,16,12,13"
19412,305,0,2025-10-01 11:05:00,11,Morning,,,,,,,
15189,305,1,2025-10-01 11:05:00,11,Morning,15189.0,130,59451.0,B/L Loop,b,b,"12,13,14,6,9,10"
20284,305,1,2025-10-01 11:05:00,11,Morning,20284.0,2479,54543.0,EE Route,ee,ee,"1,2,23,17,18,19,20,21,16,22,3"
15185,310,10,2025-10-01 11:10:00,11,Morning,15185.0,126,54543.0,EE Route,ee,ee,"1,2,23,17,18,19,20,21,16,22,3"
15189,310,1,2025-10-01 11:10:00,11,Morning,15189.0,130,59451.0,B/L Loop,b,b,"12,13,14,6,9,10"
20284,310,1,2025-10-01 11:10:00,11,Morning,20284.0,2479,54543.0,EE Route,ee,ee,"1,2,23,17,18,19,20,21,16,22,3"
19051,310,7,2025-10-01 11:10:00,11,Morning,19051.0,4061,54551.0,REXL Route,rexl,rexl,"17,18,16,12,13"
13216,310,7,2025-10-01 11:10:00,11,Morning,13216.0,4040,54545.0,LX Route,lx,lx,"1,2,3,12,13,14"
19412,310,0,2025-10-01 11:10:00,11,Morning,,,,,,,
19399,310,17,2025-10-01 11:10:00,11,Morning,19399.0,4063,55368.0,H Route,h,h,"1,2,3,11,10,8,7,5"
19051,315,7,2025-10-01 11:15:00,11,Morning,19051.0,4061,54551.0,REXL Route,rexl,rexl,"17,18,16,12,13"
15189,315,1,2025-10-01 11:15:00,11,Morning,15189.0,130,59451.0,B/L Loop,b,b,"12,13,14,6,9,10"
13216,315,3,2025-10-01 11:15:00,11,Morning,13216.0,4040,54545.0,LX Route,lx,lx,"1,2,3,12,13,14"
19399,315,15,2025-10-01 11:15:00,11,Morning,19399.0,4063,55368.0,H Route,h,h,"1,2,3,11,10,8,7,5"
20284,315,0,2025-10-01 11:15:00,11,Morning,20284.0,2479,54543.0,EE Route,ee,ee,"1,2,23,17,18,19,20,21,16,22,3"
15185,315,12,2025-10-01 11:15:00,11,Morning,15185.0,126,54543.0,EE Route,ee,ee,"1,2,23,17,18,19,20,21,16,22,3"
19412,315,6,2025-10-01 11:15:00,11,Morning,,,,,,,
15185,320,9,2025-10-01 11:20:00,11,Morning,15185.0,126,54543.0,EE Route,ee,ee,"1,2,23,17,18,19,20,21,16,22,3"
15189,320,1,2025-10-01 11:20:00,11,Morning,15189.0,130,59451.0,B/L Loop,b,b,"12,13,14,6,9,10"
20284,320,0,2025-10-01 11:20:00,11,Morning,20284.0,2479,54543.0,EE Route,ee,ee,"1,2,23,17,18,19,20,21,16,22,3"
13216,320,2,2025-10-01 11:20:00,11,Morning,13216.0,4040,54545.0,LX Route,lx,lx,"1,2,3,12,13,14"
19399,320,15,2025-10-01 11:20:00,11,Morning,19399.0,4063,55368.0,H Route,h,h,"1,2,3,11,10,8,7,5"
19051,320,6,2025-10-01 11:20:00,11,Morning,19051.0,4061,54551.0,REXL Route,rexl,rexl,"17,18,16,12,13"
19412,320,7,2025-10-01 11:20:00,11,Morning,,,,,,,
15189,325,1,2025-10-01 11:25:00,11,Morning,15189.0,130,59451.0,B/L Loop,b,b,"12,13,14,6,9,10"
19051,325,10,2025-10-01 11:25:00,11,Morning,19051.0,4061,54551.0,REXL Route,rexl,rexl,"17,18,16,12,13"
15185,325,12,2025-10-01 11:25:00,11,Morning,15185.0,126,54543.0,EE Route,ee,ee,"1,2,23,17,18,19,20,21,16,22,3"
13216,325,2,2025-10-01 11:25:00,11,Morning,13216.0,4040,54545.0,LX Route,lx,lx,"1,2,3,12,13,14"
19399,325,15,2025-10-01 11:25:00,11,Morning,19399.0,4063,55368.0,H Route,h,h,"1,2,3,11,10,8,7,5"
20284,325,0,2025-10-01 11:25:00,11,Morning,20284.0,2479,54543.0,EE Route,ee,ee,"1,2,23,17,18,19,20,21,16,22,3"
19412,325,5,2025-10-01 11:25:00,11,Morning,,,,,,,
19051,330,15,2025-10-01 11:30:00,11,Morning,19051.0,4061,54551.0,REXL Route,rexl,rexl,"17,18,16,12,13"
15189,330,1,2025-10-01 11:30:00,11,Morning,15189.0,130,59451.0,B/L Loop,b,b,"12,13,14,6,9,10"
15185,330,14,2025-10-01 11:30:00,11,Morning,15185.0,126,54543.0,EE Route,ee,ee,"1,2,23,17,18,19,20,21,16,22,3"
20284,330,2,2025-10-01 11:30:00,11,Morning,20284.0,2479,54543.0,EE Route,ee,ee,"1,2,23,17,18,19,20,21,16,22,3"
13216,330,0,2025-10-01 11:30:00,11,Morning,13216.0,4040,54545.0,LX Route,lx,lx,"1,2,3,12,13,14"
19412,330,6,2025-10-01 11:30:00,11,Morning,,,,,,,
19399,330,16,2025-10-01 11:30:00,11,Morning,19399.0,4063,55368.0,H Route,h,h,"1,2,3,11,10,8,7,5"
15185,335,12,2025-10-01 11:35:00,11,Morning,15185.0,126,54543.0,EE Route,ee,ee,"1,2,23,17,18,19,20,21,16,22,3"
19412,335,4,2025-10-01 11:35:00,11,Morning,,,,,,,
19051,335,14,2025-10-01 11:35:00,11,Morning,19051.0,4061,54551.0,REXL Route,rexl,rexl,"17,18,16,12,13"
15189,335,1,2025-10-01 11:35:00,11,Morning,15189.0,130,59451.0,B/L Loop,b,b,"12,13,14,6,9,10"
20284,335,3,2025-10-01 11:35:00,11,Morning,20284.0,2479,54543.0,EE Route,ee,ee,"1,2,23,17,18,19,20,21,16,22,3"
13216,335,6,2025-10-01 11:35:00,11,Morning,13216.0,4040,54545.0,LX Route,lx,lx,"1,2,3,12,13,14"
19399,335,19,2025-10-01 11:35:00,11,Morning,19399.0,4063,55368.0,H Route,h,h,"1,2,3,11,10,8,7,5"
13216,340,6,2025-10-01 11:40:00,11,Morning,13216.0,4040,54545.0,LX Route,lx,lx,"1,2,3,12,13,14"
19051,340,10,2025-10-01 11:40:00,11,Morning,19051.0,4061,54551.0,REXL Route,rexl,rexl,"17,18,16,12,13"
19399,340,22,2025-10-01 11:40:00,11,Morning,19399.0,4063,55368.0,H Route,h,h,"1,2,3,11,10,8,7,5"
15189,340,0,2025-10-01 11:40:00,11,Morning,15189.0,130,59451.0,B/L Loop,b,b,"12,13,14,6,9,10"
20284,340,5,2025-10-01 11:40:00,11,Morning,20284.0,2479,54543.0,EE Route,ee,ee,"1,2,23,17,18,19,20,21,16,22,3"
19412,340,4,2025-10-01 11:40:00,11,Morning,,,,,,,
15185,340,7,2025-10-01 11:40:00,11,Morning,15185.0,126,54543.0,EE Route,ee,ee,"1,2,23,17,18,19,20,21,16,22,3"
15185,345,7,2025-10-01 11:45:00,11,Morning,15185.0,126,54543.0,EE Route,ee,ee,"1,2,23,17,18,19,20,21,16,22,3"
15189,345,0,2025-10-01 11:45:00,11,Morning,15189.0,130,59451.0,B/L Loop,b,b,"12,13,14,6,9,10"
20284,345,5,2025-10-01 11:45:00,11,Morning,20284.0,2479,54543.0,EE Route,ee,ee,"1,2,23,17,18,19,20,21,16,22,3"
13216,345,4,2025-10-01 11:45:00,11,Morning,13216.0,4040,54545.0,LX Route,lx,lx,"1,2,3,12,13,14"
19412,345,3,2025-10-01 11:45:00,11,Morning,,,,,,,
19051,345,9,2025-10-01 11:45:00,11,Morning,19051.0,4061,54551.0,REXL Route,rexl,rexl,"17,18,16,12,13"
19399,345,19,2025-10-01 11:45:00,11,Morning,19399.0,4063,55368.0,H Route,h,h,"1,2,3,11,10,8,7,5"
19399,350,25,2025-10-01 11:50:00,11,Morning,19399.0,4063,55368.0,H Route,h,h,"1,2,3,11,10,8,7,5"
20284,350,5,2025-10-01 11:50:00,11,Morning,20284.0,2479,54543.0,EE Route,ee,ee,"1,2,23,17,18,19,20,21,16,22,3"
19412,350,6,2025-10-01 11:50:00,11,Morning,,,,,,,
13216,350,2,2025-10-01 11:50:00,11,Morning,13216.0,4040,54545.0,LX Route,lx,lx,"1,2,3,12,13,14"
15185,350,7,2025-10-01 11:50:00,11,Morning,15185.0,126,54543.0,EE Route,ee,ee,"1,2,23,17,18,19,20,21,16,22,3"
15189,350,0,2025-10-01 11:50:00,11,Morning,15189.0,130,59451.0,B/L Loop,b,b,"12,13,14,6,9,10"
19051,350,7,2025-10-01 11:50:00,11,Morning,19051.0,4061,54551.0,REXL Route,rexl,rexl,"17,18,16,12,13"
20284,355,4,2025-10-01 11:55:00,11,Morning,20284.0,2479,54543.0,EE Route,ee,ee,"1,2,23,17,18,19,20,21,16,22,3"
19051,355,6,2025-10-01 11:55:00,11,Morning,19051.0,4061,54551.0,REXL Route,rexl,rexl,"17,18,16,12,13"
15189,355,0,2025-10-01 11:55:00,11,Morning,15189.0,130,59451.0,B/L Loop,b,b,"12,13,14,6,9,10"
13216,355,2,2025-10-01 11:55:00,11,Morning,13216.0,4040,54545.0,LX Route,lx,lx,"1,2,3,12,13,14"
15185,355,7,2025-10-01 11:55:00,11,Morning,15185.0,126,54543.0,EE Route,ee,ee,"1,2,23,17,18,19,20,21,16,22,3"
19399,355,27,2025-10-01 11:55:00,11,Morning,19399.0,4063,55368.0,H Route,h,h,"1,2,3,11,10,8,7,5"
19412,355,1,2025-10-01 11:55:00,11,Morning,,,,,,,
15189,360,0,2025-10-01 12:00:00,12,Midday,15189.0,130,59451.0,B/L Loop,b,b,"12,13,14,6,9,10"
19412,360,1,2025-10-01 12:00:00,12,Midday,,,,,,,
19051,360,6,2025-10-01 12:00:00,12,Midday,19051.0,4061,54551.0,REXL Route,rexl,rexl,"17,18,16,12,13"
19399,360,28,2025-10-01 12:00:00,12,Midday,19399.0,4063,55368.0,H Route,h,h,"1,2,3,11,10,8,7,5"
15185,360,15,2025-10-01 12:00:00,12,Midday,15185.0,126,54543.0,EE Route,ee,ee,"1,2,23,17,18,19,20,21,16,22,3"
13216,360,6,2025-10-01 12:00:00,12,Midday,13216.0,4040,54545.0,LX Route,lx,lx,"1,2,3,12,13,14"
20284,360,3,2025-10-01 12:00:00,12,Midday,20284.0,2479,54543.0,EE Route,ee,ee,"1,2,23,17,18,19,20,21,16,22,3"
19412,365,0,2025-10-01 12:05:00,12,Midday,,,,,,,
20284,365,0,2025-10-01 12:05:00,12,Midday,20284.0,2479,54543.0,EE Route,ee,ee,"1,2,23,17,18,19,20,21,16,22,3"
19399,365,25,2025-10-01 12:05:00,12,Midday,19399.0,4063,55368.0,H Route,h,h,"1,2,3,11,10,8,7,5"
15185,365,14,2025-10-01 12:05:00,12,Midday,15185.0,126,54543.0,EE Route,ee,ee,"1,2,23,17,18,19,20,21,16,22,3"
13216,365,12,2025-10-01 12:05:00,12,Midday,13216.0,4040,54545.0,LX Route,lx,lx,"1,2,3,12,13,14"
19051,365,6,2025-10-01 12:05:00,12,Midday,19051.0,4061,54551.0,REXL Route,rexl,rexl,"17,18,16,12,13"
15189,365,0,2025-10-01 12:05:00,12,Midday,15189.0,130,59451.0,B/L Loop,b,b,"12,13,14,6,9,10"
20284,370,0,2025-10-01 12:10:00,12,Midday,20284.0,2479,54543.0,EE Route,ee,ee,"1,2,23,17,18,19,20,21,16,22,3"
15185,370,13,2025-10-01 12:10:00,12,Midday,15185.0,126,54543.0,EE Route,ee,ee,"1,2,23,17,18,19,20,21,16,22,3"
19051,370,6,2025-10-01 12:10:00,12,Midday,19051.0,4061,54551.0,REXL Route,rexl,rexl,"17,18,16,12,13"
19412,370,1,2025-10-01 12:10:00,12,Midday,,,,,,,
19399,370,30,2025-10-01 12:10:00,12,Midday,19399.0,4063,55368.0,H Route,h,h,"1,2,3,11,10,8,7,5"
13216,370,12,2025-10-01 12:10:00,12,Midday,13216.0,4040,54545.0,LX Route,lx,lx,"1,2,3,12,13,14"
15189,370,0,2025-10-01 12:10:00,12,Midday,15189.0,130,59451.0,B/L Loop,b,b,"12,13,14,6,9,10"
19051,375,6,2025-10-01 12:15:00,12,Midday,19051.0,4061,54551.0,REXL Route,rexl,rexl,"17,18,16,12,13"
13216,375,8,2025-10-01 12:15:00,12,Midday,13216.0,4040,54545.0,LX Route,lx,lx,"1,2,3,12,13,14"
15189,375,1,2025-10-01 12:15:00,12,Midday,15189.0,130,59451.0,B/L Loop,b,b,"12,13,14,6,9,10"
20284,375,0,2025-10-01 12:15:00,12,Midday,20284.0,2479,54543.0,EE Route,ee,ee,"1,2,23,17,18,19,20,21,16,22,3"
19412,375,1,2025-10-01 12:15:00,12,Midday,,,,,,,
15185,375,7,2025-10-01 12:15:00,12,Midday,15185.0,126,54543.0,EE Route,ee,ee,"1,2,23,17,18,19,20,21,16,22,3"
19399,375,30,2025-10-01 12:15:00,12,Midday,19399.0,4063,55368.0,H Route,h,h,"1,2,3,11,10,8,7,5"
15189,380,1,2025-10-01 12:20:00,12,Midday,15189.0,130,59451.0,B/L Loop,b,b,"12,13,14,6,9,10"
20284,380,0,2025-10-01 12:20:00,12,Midday,20284.0,2479,54543.0,EE Route,ee,ee,"1,2,23,17,18,19,20,21,16,22,3"
13216,380,3,2025-10-01 12:20:00,12,Midday,13216.0,4040,54545.0,LX Route,lx,lx,"1,2,3,12,13,14"
15185,380,7,2025-10-01 12:20:00,12,Midday,15185.0,126,54543.0,EE Route,ee,ee,"1,2,23,17,18,19,20,21,16,22,3"
19399,380,27,2025-10-01 12:20:00,12,Midday,19399.0,4063,55368.0,H Route,h,h,"1,2,3,11,10,8,7,5"
19051,380,7,2025-10-01 12:20:00,12,Midday,19051.0,4061,54551.0,REXL Route,rexl,rexl,"17,18,16,12,13"
19412,380,4,2025-10-01 12:20:00,12,Midday,,,,,,,
15189,605,1,2025-10-01 16:05:00,16,Rush Hour,15189.0,130,59451.0,B/L Loop,b,b,"12,13,14,6,9,10"
15189,610,1,2025-10-01 16:10:00,16,Rush Hour,15189.0,130,59451.0,B/L Loop,b,b,"12,13,14,6,9,10"
15189,615,2,2025-10-01 16:15:00,16,Rush Hour,15189.0,130,59451.0,B/L Loop,b,b,"12,13,14,6,9,10"
15189,620,2,2025-10-01 16:20:00,16,Rush Hour,15189.0,130,59451.0,B/L Loop,b,b,"12,13,14,6,9,10"
15185,620,0,2025-10-01 16:20:00,16,Rush Hour,15185.0,126,54543.0,EE Route,ee,ee,"1,2,23,17,18,19,20,21,16,22,3"
15189,625,2,2025-10-01 16:25:00,16,Rush Hour,15189.0,130,59451.0,B/L Loop,b,b,"12,13,14,6,9,10"
15185,625,0,2025-10-01 16:25:00,16,Rush Hour,15185.0,126,54543.0,EE Route,ee,ee,"1,2,23,17,18,19,20,21,16,22,3"
15189,630,2,2025-10-01 16:30:00,16,Rush Hour,15189.0,130,59451.0,B/L Loop,b,b,"12,13,14,6,9,10"
15185,630,0,2025-10-01 16:30:00,16,Rush Hour,15185.0,126,54543.0,EE Route,ee,ee,"1,2,23,17,18,19,20,21,16,22,3"
15185,635,1,2025-10-01 16:35:00,16,Rush Hour,15185.0,126,54543.0,EE Route,ee,ee,"1,2,23,17,18,19,20,21,16,22,3"
15189,635,2,2025-10-01 16:35:00,16,Rush Hour,15189.0,130,59451.0,B/L Loop,b,b,"12,13,14,6,9,10"
15185,640,1,2025-10-01 16:40:00,16,Rush Hour,15185.0,126,54543.0,EE Route,ee,ee,"1,2,23,17,18,19,20,21,16,22,3"
15189,640,3,2025-10-01 16:40:00,16,Rush Hour,15189.0,130,59451.0,B/L Loop,b,b,"12,13,14,6,9,10"
15185,645,1,2025-10-01 16:45:00,16,Rush Hour,15185.0,126,54543.0,EE Route,ee,ee,"1,2,23,17,18,19,20,21,16,22,3"
15189,645,3,2025-10-01 16:45:00,16,Rush Hour,15189.0,130,59451.0,B/L Loop,b,b,"12,13,14,6,9,10"
15185,650,3,2025-10-01 16:50:00,16,Rush Hour,15185.0,126,54543.0,EE Route,ee,ee,"1,2,23,17,18,19,20,21,16,22,3"
15189,650,3,2025-10-01 16:50:00,16,Rush Hour,15189.0,130,59451.0,B/L Loop,b,b,"12,13,14,6,9,10"
15185,655,2,2025-10-01 16:55:00,16,Rush Hour,15185.0,126,54543.0,EE Route,ee,ee,"1,2,23,17,18,19,20,21,16,22,3"
15189,655,3,2025-10-01 16:55:00,16,Rush Hour,15189.0,130,59451.0,B/L Loop,b,b,"12,13,14,6,9,10"
15189,660,3,2025-10-01 17:00:00,17,Rush Hour,15189.0,130,59451.0,B/L Loop,b,b,"12,13,14,6,9,10"
15185,660,3,2025-10-01 17:00:00,17,Rush Hour,15185.0,126,54543.0,EE Route,ee,ee,"1,2,23,17,18,19,20,21,16,22,3"
15189,665,3,2025-10-01 17:05:00,17,Rush Hour,15189.0,130,59451.0,B/L Loop,b,b,"12,13,14,6,9,10"
15185,665,4,2025-10-01 17:05:00,17,Rush Hour,15185.0,126,54543.0,EE Route,ee,ee,"1,2,23,17,18,19,20,21,16,22,3"
15189,670,3,2025-10-01 17:10:00,17,Rush Hour,15189.0,130,59451.0,B/L Loop,b,b,"12,13,14,6,9,10"
15185,670,6,2025-10-01 17:10:00,17,Rush Hour,15185.0,126,54543.0,EE Route,ee,ee,"1,2,23,17,18,19,20,21,16,22,3"
15189,675,3,2025-10-01 17:15:00,17,Rush Hour,15189.0,130,59451.0,B/L Loop,b,b,"12,13,14,6,9,10"
15185,675,7,2025-10-01 17:15:00,17,Rush Hour,15185.0,126,54543.0,EE Route,ee,ee,"1,2,23,17,18,19,20,21,16,22,3"
15189,680,3,2025-10-01 17:20:00,17,Rush Hour,15189.0,130,59451.0,B/L Loop,b,b,"12,13,14,6,9,10"
15185,680,6,2025-10-01 17:20:00,17,Rush Hour,15185.0,126,54543.0,EE Route,ee,ee,"1,2,23,17,18,19,20,21,16,22,3"
15189,685,3,2025-10-01 17:25:00,17,Rush Hour,15189.0,130,59451.0,B/L Loop,b,b,"12,13,14,6,9,10"
15185,685,4,2025-10-01 17:25:00,17,Rush Hour,15185.0,126,54543.0,EE Route,ee,ee,"1,2,23,17,18,19,20,21,16,22,3"
15185,690,4,2025-10-01 17:30:00,17,Rush Hour,15185.0,126,54543.0,EE Route,ee,ee,"1,2,23,17,18,19,20,21,16,22,3"
15189,690,3,2025-10-01 17:30:00,17,Rush Hour,15189.0,130,59451.0,B/L Loop,b,b,"12,13,14,6,9,10"
15185,695,4,2025-10-01 17:35:00,17,Rush Hour,15185.0,126,54543.0,EE Route,ee,ee,"1,2,23,17,18,19,20,21,16,22,3"
15189,695,4,2025-10-01 17:35:00,17,Rush Hour,15189.0,130,59451.0,B/L Loop,b,b,"12,13,14,6,9,10"
15185,700,1,2025-10-01 17:40:00,17,Rush Hour,15185.0,126,54543.0,EE Route,ee,ee,"1,2,23,17,18,19,20,21,16,22,3"
15189,700,3,2025-10-01 17:40:00,17,Rush Hour,15189.0,130,59451.0,B/L Loop,b,b,"12,13,14,6,9,10"
15185,705,3,2025-10-01 17:45:00,17,Rush Hour,15185.0,126,54543.0,EE Route,ee,ee,"1,2,23,17,18,19,20,21,16,22,3"
15189,705,3,2025-10-01 17:45:00,17,Rush Hour,15189.0,130,59451.0,B/L Loop,b,b,"12,13,14,6,9,10"
15185,710,4,2025-10-01 17:50:00,17,Rush Hour,15185.0,126,54543.0,EE Route,ee,ee,"1,2,23,17,18,19,20,21,16,22,3"
15189,710,7,2025-10-01 17:50:00,17,Rush Hour,15189.0,130,59451.0,B/L Loop,b,b,"12,13,14,6,9,10"
15185,715,7,2025-10-01 17:55:00,17,Rush Hour,15185.0,126,54543.0,EE Route,ee,ee,"1,2,23,17,18,19,20,21,16,22,3"
15189,715,5,2025-10-01 17:55:00,17,Rush Hour,15189.0,130,59451.0,B/L Loop,b,b,"12,13,14,6,9,10"
15189,720,8,2025-10-01 18:00:00,18,Evening,15189.0,130,59451.0,B/L Loop,b,b,"12,13,14,6,9,10"
15185,720,3,2025-10-01 18:00:00,18,Evening,15185.0,126,54543.0,EE Route,ee,ee,"1,2,23,17,18,19,20,21,16,22,3"
15189,725,8,2025-10-01 18:05:00,18,Evening,15189.0,130,59451.0,B/L Loop,b,b,"12,13,14,6,9,10"
15185,725,9,2025-10-01 18:05:00,18,Evening,15185.0,126,54543.0,EE Route,ee,ee,"1,2,23,17,18,19,20,21,16,22,3"
15189,730,8,2025-10-01 18:10:00,18,Evening,15189.0,130,59451.0,B/L Loop,b,b,"12,13,14,6,9,10"
15185,730,7,2025-10-01 18:10:00,18,Evening,15185.0,126,54543.0,EE Route,ee,ee,"1,2,23,17,18,19,20,21,16,22,3"
15185,735,7,2025-10-01 18:15:00,18,Evening,15185.0,126,54543.0,EE Route,ee,ee,"1,2,23,17,18,19,20,21,16,22,3"
15189,735,6,2025-10-01 18:15:00,18,Evening,15189.0,130,59451.0,B/L Loop,b,b,"12,13,14,6,9,10"
15189,740,6,2025-10-01 18:20:00,18,Evening,15189.0,130,59451.0,B/L Loop,b,b,"12,13,14,6,9,10"
15185,740,10,2025-10-01 18:20:00,18,Evening,15185.0,126,54543.0,EE Route,ee,ee,"1,2,23,17,18,19,20,21,16,22,3"
15189,745,7,2025-10-01 18:25:00,18,Evening,15189.0,130,59451.0,B/L Loop,b,b,"12,13,14,6,9,10"
15185,745,8,2025-10-01 18:25:00,18,Evening,15185.0,126,54543.0,EE Route,ee,ee,"1,2,23,17,18,19,20,21,16,22,3"
15189,750,4,2025-10-01 18:30:00,18,Evening,15189.0,130,59451.0,B/L Loop,b,b,"12,13,14,6,9,10"
15185,750,10,2025-10-01 18:30:00,18,Evening,15185.0,126,54543.0,EE Route,ee,ee,"1,2,23,17,18,19,20,21,16,22,3"
15189,755,8,2025-10-01 18:35:00,18,Evening,15189.0,130,59451.0,B/L Loop,b,b,"12,13,14,6,9,10"
15185,755,10,2025-10-01 18:35:00,18,Evening,15185.0,126,54543.0,EE Route,ee,ee,"1,2,23,17,18,19,20,21,16,22,3"
15189,760,4,2025-10-01 18:40:00,18,Evening,15189.0,130,59451.0,B/L Loop,b,b,"12,13,14,6,9,10"
15185,760,16,2025-10-01 18:40:00,18,Evening,15185.0,126,54543.0,EE Route,ee,ee,"1,2,23,17,18,19,20,21,16,22,3"
15189,765,4,2025-10-01 18:45:00,18,Evening,15189.0,130,59451.0,B/L Loop,b,b,"12,13,14,6,9,10"
15185,765,8,2025-10-01 18:45:00,18,Evening,15185.0,126,54543.0,EE Route,ee,ee,"1,2,23,17,18,19,20,21,16,22,3"
15185,770,8,2025-10-01 18:50:00,18,Evening,15185.0,126,54543.0,EE Route,ee,ee,"1,2,23,17,18,19,20,21,16,22,3"
15189,770,7,2025-10-01 18:50:00,18,Evening,15189.0,130,59451.0,B/L Loop,b,b,"12,13,14,6,9,10"
15185,775,7,2025-10-01 18:55:00,18,Evening,15185.0,126,54543.0,EE Route,ee,ee,"1,2,23,17,18,19,20,21,16,22,3"
15189,775,8,2025-10-01 18:55:00,18,Evening,15189.0,130,59451.0,B/L Loop,b,b,"12,13,14,6,9,10"
15185,780,7,2025-10-01 19:00:00,19,Evening,15185.0,126,54543.0,EE Route,ee,ee,"1,2,23,17,18,19,20,21,16,22,3"
15189,780,4,2025-10-01 19:00:00,19,Evening,15189.0,130,59451.0,B/L Loop,b,b,"12,13,14,6,9,10"
15189,785,4,2025-10-01 19:05:00,19,Evening,15189.0,130,59451.0,B/L Loop,b,b,"12,13,14,6,9,10"
15185,785,6,2025-10-01 19:05:00,19,Evening,15185.0,126,54543.0,EE Route,ee,ee,"1,2,23,17,18,19,20,21,16,22,3"
15185,790,6,2025-10-01 19:10:00,19,Evening,15185.0,126,54543.0,EE Route,ee,ee,"1,2,23,17,18,19,20,21,16,22,3"
15189,790,4,2025-10-01 19:10:00,19,Evening,15189.0,130,59451.0,B/L Loop,b,b,"12,13,14,6,9,10"
15185,795,6,2025-10-01 19:15:00,19,Evening,15185.0,126,54543.0,EE Route,ee,ee,"1,2,23,17,18,19,20,21,16,22,3"
15189,795,3,2025-10-01 19:15:00,19,Evening,15189.0,130,59451.0,B/L Loop,b,b,"12,13,14,6,9,10"
15185,800,6,2025-10-01 19:20:00,19,Evening,15185.0,126,54543.0,EE Route,ee,ee,"1,2,23,17,18,19,20,21,16,22,3"
15189,800,3,2025-10-01 19:20:00,19,Evening,15189.0,130,59451.0,B/L Loop,b,b,"12,13,14,6,9,10"
15185,805,5,2025-10-01 19:25:00,19,Evening,15185.0,126,54543.0,EE Route,ee,ee,"1,2,23,17,18,19,20,21,16,22,3"
15189,805,4,2025-10-01 19:25:00,19,Evening,15189.0,130,59451.0,B/L Loop,b,b,"12,13,14,6,9,10"
15189,810,9,2025-10-01 19:30:00,19,Evening,15189.0,130,59451.0,B/L Loop,b,b,"12,13,14,6,9,10"
15185,810,11,2025-10-01 19:30:00,19,Evening,15185.0,126,54543.0,EE Route,ee,ee,"1,2,23,17,18,19,20,21,16,22,3"
15189,815,3,2025-10-01 19:35:00,19,Evening,15189.0,130,59451.0,B/L Loop,b,b,"12,13,14,6,9,10"
15185,815,16,2025-10-01 19:35:00,19,Evening,15185.0,126,54543.0,EE Route,ee,ee,"1,2,23,17,18,19,20,21,16,22,3"
15185,820,33,2025-10-01 19:40:00,19,Evening,15185.0,126,54543.0,EE Route,ee,ee,"1,2,23,17,18,19,20,21,16,22,3"
15189,820,6,2025-10-01 19:40:00,19,Evening,15189.0,130,59451.0,B/L Loop,b,b,"12,13,14,6,9,10"
15185,825,18,2025-10-01 19:45:00,19,Evening,15185.0,126,54543.0,EE Route,ee,ee,"1,2,23,17,18,19,20,21,16,22,3"
15189,825,7,2025-10-01 19:45:00,19,Evening,15189.0,130,59451.0,B/L Loop,b,b,"12,13,14,6,9,10"
15189,830,15,2025-10-01 19:50:00,19,Evening,15189.0,130,59451.0,B/L Loop,b,b,"12,13,14,6,9,10"
15185,830,15,2025-10-01 19:50:00,19,Evening,15185.0,126,54543.0,EE Route,ee,ee,"1,2,23,17,18,19,20,21,16,22,3"
15185,835,15,2025-10-01 19:55:00,19,Evening,15185.0,126,54543.0,EE Route,ee,ee,"1,2,23,17,18,19,20,21,16,22,3"
15189,835,13,2025-10-01 19:55:00,19,Evening,15189.0,130,59451.0,B/L Loop,b,b,"12,13,14,6,9,10"
15185,840,13,2025-10-01 20:00:00,20,Evening,15185.0,126,54543.0,EE Route,ee,ee,"1,2,23,17,18,19,20,21,16,22,3"
15189,840,11,2025-10-01 20:00:00,20,Evening,15189.0,130,59451.0,B/L Loop,b,b,"12,13,14,6,9,10"
15189,845,11,2025-10-01 20:05:00,20,Evening,15189.0,130,59451.0,B/L Loop,b,b,"12,13,14,6,9,10"
15185,845,14,2025-10-01 20:05:00,20,Evening,15185.0,126,54543.0,EE Route,ee,ee,"1,2,23,17,18,19,20,21,16,22,3"
15189,850,4,2025-10-01 20:10:00,20,Evening,15189.0,130,59451.0,B/L Loop,b,b,"12,13,14,6,9,10"
15185,850,21,2025-10-01 20:10:00,20,Evening,15185.0,126,54543.0,EE Route,ee,ee,"1,2,23,17,18,19,20,21,16,22,3"
15189,855,6,2025-10-01 20:15:00,20,Evening,15189.0,130,59451.0,B/L Loop,b,b,"12,13,14,6,9,10"
15185,855,21,2025-10-01 20:15:00,20,Evening,15185.0,126,54543.0,EE Route,ee,ee,"1,2,23,17,18,19,20,21,16,22,3"
15189,860,6,2025-10-01 20:20:00,20,Evening,15189.0,130,59451.0,B/L Loop,b,b,"12,13,14,6,9,10"
15185,860,24,2025-10-01 20:20:00,20,Evening,15185.0,126,54543.0,EE Route,ee,ee,"1,2,23,17,18,19,20,21,16,22,3"
15189,865,6,2025-10-01 20:25:00,20,Evening,15189.0,130,59451.0,B/L Loop,b,b,"12,13,14,6,9,10"
15185,865,22,2025-10-01 20:25:00,20,Evening,15185.0,126,54543.0,EE Route,ee,ee,"1,2,23,17,18,19,20,21,16,22,3"
15185,870,19,2025-10-01 20:30:00,20,Evening,15185.0,126,54543.0,EE Route,ee,ee,"1,2,23,17,18,19,20,21,16,22,3"
15189,870,7,2025-10-01 20:30:00,20,Evening,15189.0,130,59451.0,B/L Loop,b,b,"12,13,14,6,9,10"
15189,875,8,2025-10-01 20:35:00,20,Evening,15189.0,130,59451.0,B/L Loop,b,b,"12,13,14,6,9,10"
15185,875,12,2025-10-01 20:35:00,20,Evening,15185.0,126,54543.0,EE Route,ee,ee,"1,2,23,17,18,19,20,21,16,22,3"
15189,880,7,2025-10-01 20:40:00,20,Evening,15189.0,130,59451.0,B/L Loop,b,b,"12,13,14,6,9,10"
15185,880,9,2025-10-01 20:40:00,20,Evening,15185.0,126,54543.0,EE Route,ee,ee,"1,2,23,17,18,19,20,21,16,22,3"
15189,885,4,2025-10-01 20:45:00,20,Evening,15189.0,130,59451.0,B/L Loop,b,b,"12,13,14,6,9,10"
15185,885,11,2025-10-01 20:45:00,20,Evening,15185.0,126,54543.0,EE Route,ee,ee,"1,2,23,17,18,19,20,21,16,22,3"
15189,890,1,2025-10-01 20:50:00,20,Evening,15189.0,130,59451.0,B/L Loop,b,b,"12,13,14,6,9,10"
15185,890,13,2025-10-01 20:50:00,20,Evening,15185.0,126,54543.0,EE Route,ee,ee,"1,2,23,17,18,19,20,21,16,22,3"
15185,895,15,2025-10-01 20:55:00,20,Evening,15185.0,126,54543.0,EE Route,ee,ee,"1,2,23,17,18,19,20,21,16,22,3"
15189,895,2,2025-10-01 20:55:00,20,Evening,15189.0,130,59451.0,B/L Loop,b,b,"12,13,14,6,9,10"
15185,900,12,2025-10-01 21:00:00,21,Evening,15185.0,126,54543.0,EE Route,ee,ee,"1,2,23,17,18,19,20,21,16,22,3"
15189,900,4,2025-10-01 21:00:00,21,Evening,15189.0,130,59451.0,B/L Loop,b,b,"12,13,14,6,9,10"
15185,905,17,2025-10-01 21:05:00,21,Evening,15185.0,126,54543.0,EE Route,ee,ee,"1,2,23,17,18,19,20,21,16,22,3"
15189,905,2,2025-10-01 21:05:00,21,Evening,15189.0,130,59451.0,B/L Loop,b,b,"12,13,14,6,9,10"
15189,910,0,2025-10-01 21:10:00,21,Evening,15189.0,130,59451.0,B/L Loop,b,b,"12,13,14,6,9,10"
15185,910,23,2025-10-01 21:10:00,21,Evening,15185.0,126,54543.0,EE Route,ee,ee,"1,2,23,17,18,19,20,21,16,22,3"
15189,915,0,2025-10-01 21:15:00,21,Evening,15189.0,130,59451.0,B/L Loop,b,b,"12,13,14,6,9,10"
15185,915,24,2025-10-01 21:15:00,21,Evening,15185.0,126,54543.0,EE Route,ee,ee,"1,2,23,17,18,19,20,21,16,22,3"
15189,920,1,2025-10-01 21:20:00,21,Evening,15189.0,130,59451.0,B/L Loop,b,b,"12,13,14,6,9,10"
15185,920,16,2025-10-01 21:20:00,21,Evening,15185.0,126,54543.0,EE Route,ee,ee,"1,2,23,17,18,19,20,21,16,22,3"
15185,925,27,2025-10-01 21:25:00,21,Evening,15185.0,126,54543.0,EE Route,ee,ee,"1,2,23,17,18,19,20,21,16,22,3"
15189,925,7,2025-10-01 21:25:00,21,Evening,15189.0,130,59451.0,B/L Loop,b,b,"12,13,14,6,9,10"
15185,930,31,2025-10-01 21:30:00,21,Evening,15185.0,126,54543.0,EE Route,ee,ee,"1,2,23,17,18,19,20,21,16,22,3"
15189,930,7,2025-10-01 21:30:00,21,Evening,15189.0,130,59451.0,B/L Loop,b,b,"12,13,14,6,9,10"
15189,935,3,2025-10-01 21:35:00,21,Evening,15189.0,130,59451.0,B/L Loop,b,b,"12,13,14,6,9,10"
15185,935,31,2025-10-01 21:35:00,21,Evening,15185.0,126,54543.0,EE Route,ee,ee,"1,2,23,17,18,19,20,21,16,22,3"
15189,940,3,2025-10-01 21:40:00,21,Evening,15189.0,130,59451.0,B/L Loop,b,b,"12,13,14,6,9,10"
15185,940,34,2025-10-01 21:40:00,21,Evening,15185.0,126,54543.0,EE Route,ee,ee,"1,2,23,17,18,19,20,21,16,22,3"
15185,945,24,2025-10-01 21:45:00,21,Evening,15185.0,126,54543.0,EE Route,ee,ee,"1,2,23,17,18,19,20,21,16,22,3"
15189,945,8,2025-10-01 21:45:00,21,Evening,15189.0,130,59451.0,B/L Loop,b,b,"12,13,14,6,9,10"
15189,950,10,2025-10-01 21:50:00,21,Evening,15189.0,130,59451.0,B/L Loop,b,b,"12,13,14,6,9,10"
15185,950,25,2025-10-01 21:50:00,21,Evening,15185.0,126,54543.0,EE Route,ee,ee,"1,2,23,17,18,19,20,21,16,22,3"
15189,955,10,2025-10-01 21:55:00,21,Evening,15189.0,130,59451.0,B/L Loop,b,b,"12,13,14,6,9,10"
15185,955,25,2025-10-01 21:55:00,21,Evening,15185.0,126,54543.0,EE Route,ee,ee,"1,2,23,17,18,19,20,21,16,22,3"
15185,960,23,2025-10-01 22:00:00,22,Evening,15185.0,126,54543.0,EE Route,ee,ee,"1,2,23,17,18,19,20,21,16,22,3"
15189,960,6,2025-10-01 22:00:00,22,Evening,15189.0,130,59451.0,B/L Loop,b,b,"12,13,14,6,9,10"
15189,965,2,2025-10-01 22:05:00,22,Evening,15189.0,130,59451.0,B/L Loop,b,b,"12,13,14,6,9,10"
15185,965,23,2025-10-01 22:05:00,22,Evening,15185.0,126,54543.0,EE Route,ee,ee,"1,2,23,17,18,19,20,21,16,22,3"
15189,970,3,2025-10-01 22:10:00,22,Evening,15189.0,130,59451.0,B/L Loop,b,b,"12,13,14,6,9,10"
15185,970,23,2025-10-01 22:10:00,22,Evening,15185.0,126,54543.0,EE Route,ee,ee,"1,2,23,17,18,19,20,21,16,22,3"
15189,975,0,2025-10-01 22:15:00,22,Evening,15189.0,130,59451.0,B/L Loop,b,b,"12,13,14,6,9,10"
15185,975,7,2025-10-01 22:15:00,22,Evening,15185.0,126,54543.0,EE Route,ee,ee,"1,2,23,17,18,19,20,21,16,22,3"
15185,980,13,2025-10-01 22:20:00,22,Evening,15185.0,126,54543.0,EE Route,ee,ee,"1,2,23,17,18,19,20,21,16,22,3"
15189,980,1,2025-10-01 22:20:00,22,Evening,15189.0,130,59451.0,B/L Loop,b,b,"12,13,14,6,9,10"
15185,985,9,2025-10-01 22:25:00,22,Evening,15185.0,126,54543.0,EE Route,ee,ee,"1,2,23,17,18,19,20,21,16,22,3"
15189,985,1,2025-10-01 22:25:00,22,Evening,15189.0,130,59451.0,B/L Loop,b,b,"12,13,14,6,9,10"
15185,990,7,2025-10-01 22:30:00,22,Evening,15185.0,126,54543.0,EE Route,ee,ee,"1,2,23,17,18,19,20,21,16,22,3"
15189,990,1,2025-10-01 22:30:00,22,Evening,15189.0,130,59451.0,B/L Loop,b,b,"12,13,14,6,9,10"
15189,995,1,2025-10-01 22:35:00,22,Evening,15189.0,130,59451.0,B/L Loop,b,b,"12,13,14,6,9,10"
15185,995,0,2025-10-01 22:35:00,22,Evening,15185.0,126,54543.0,EE Route,ee,ee,"1,2,23,17,18,19,20,21,16,22,3"
15185,1000,1,2025-10-01 22:40:00,22,Evening,15185.0,126,54543.0,EE Route,ee,ee,"1,2,23,17,18,19,20,21,16,22,3"
19051,1000,4,2025-10-01 22:40:00,22,Evening,19051.0,4061,54551.0,REXL Route,rexl,rexl,"17,18,16,12,13"
15189,1000,1,2025-10-01 22:40:00,22,Evening,15189.0,130,59451.0,B/L Loop,b,b,"12,13,14,6,9,10"
15185,1005,0,2025-10-01 22:45:00,22,Evening,15185.0,126,54543.0,EE Route,ee,ee,"1,2,23,17,18,19,20,21,16,22,3"
15189,1005,1,2025-10-01 22:45:00,22,Evening,15189.0,130,59451.0,B/L Loop,b,b,"12,13,14,6,9,10"
19051,1005,3,2025-10-01 22:45:00,22,Evening,19051.0,4061,54551.0,REXL Route,rexl,rexl,"17,18,16,12,13"
19051,1010,7,2025-10-01 22:50:00,22,Evening,19051.0,4061,54551.0,REXL Route,rexl,rexl,"17,18,16,12,13"
15185,1010,2,2025-10-01 22:50:00,22,Evening,15185.0,126,54543.0,EE Route,ee,ee,"1,2,23,17,18,19,20,21,16,22,3"
15189,1010,0,2025-10-01 22:50:00,22,Evening,15189.0,130,59451.0,B/L Loop,b,b,"12,13,14,6,9,10"
15185,1015,6,2025-10-01 22:55:00,22,Evening,15185.0,126,54543.0,EE Route,ee,ee,"1,2,23,17,18,19,20,21,16,22,3"
19051,1015,11,2025-10-01 22:55:00,22,Evening,19051.0,4061,54551.0,REXL Route,rexl,rexl,"17,18,16,12,13"
15189,1015,2,2025-10-01 22:55:00,22,Evening,15189.0,130,59451.0,B/L Loop,b,b,"12,13,14,6,9,10"
15185,1020,7,2025-10-01 23:00:00,23,Late Night,15185.0,126,54543.0,EE Route,ee,ee,"1,2,23,17,18,19,20,21,16,22,3"
15189,1020,1,2025-10-01 23:00:00,23,Late Night,15189.0,130,59451.0,B/L Loop,b,b,"12,13,14,6,9,10"
19051,1020,16,2025-10-01 23:00:00,23,Late Night,19051.0,4061,54551.0,REXL Route,rexl,rexl,"17,18,16,12,13"
15185,1025,9,2025-10-01 23:05:00,23,Late Night,15185.0,126,54543.0,EE Route,ee,ee,"1,2,23,17,18,19,20,21,16,22,3"
15189,1025,1,2025-10-01 23:05:00,23,Late Night,15189.0,130,59451.0,B/L Loop,b,b,"12,13,14,6,9,10"
19051,1025,13,2025-10-01 23:05:00,23,Late Night,19051.0,4061,54551.0,REXL Route,rexl,rexl,"17,18,16,12,13"
19051,1030,13,2025-10-01 23:10:00,23,Late Night,19051.0,4061,54551.0,REXL Route,rexl,rexl,"17,18,16,12,13"
15185,1030,9,2025-10-01 23:10:00,23,Late Night,15185.0,126,54543.0,EE Route,ee,ee,"1,2,23,17,18,19,20,21,16,22,3"
15189,1030,1,2025-10-01 23:10:00,23,Late Night,15189.0,130,59451.0,B/L Loop,b,b,"12,13,14,6,9,10"
15189,1035,0,2025-10-01 23:15:00,23,Late Night,15189.0,130,59451.0,B/L Loop,b,b,"12,13,14,6,9,10"
19051,1035,12,2025-10-01 23:15:00,23,Late Night,19051.0,4061,54551.0,REXL Route,rexl,rexl,"17,18,16,12,13"
15185,1035,16,2025-10-01 23:15:00,23,Late Night,15185.0,126,54543.0,EE Route,ee,ee,"1,2,23,17,18,19,20,21,16,22,3"
15185,1040,20,2025-10-01 23:20:00,23,Late Night,15185.0,126,54543.0,EE Route,ee,ee,"1,2,23,17,18,19,20,21,16,22,3"
15189,1040,4,2025-10-01 23:20:00,23,Late Night,15189.0,130,59451.0,B/L Loop,b,b,"12,13,14,6,9,10"
19051,1040,8,2025-10-01 23:20:00,23,Late Night,19051.0,4061,54551.0,REXL Route,rexl,rexl,"17,18,16,12,13"
15185,1045,15,2025-10-01 23:25:00,23,Late Night,15185.0,126,54543.0,EE Route,ee,ee,"1,2,23,17,18,19,20,21,16,22,3"
15189,1045,6,2025-10-01 23:25:00,23,Late Night,15189.0,130,59451.0,B/L Loop,b,b,"12,13,14,6,9,10"
19051,1045,10,2025-10-01 23:25:00,23,Late Night,19051.0,4061,54551.0,REXL Route,rexl,rexl,"17,18,16,12,13"
19051,1050,12,2025-10-01 23:30:00,23,Late Night,19051.0,4061,54551.0,REXL Route,rexl,rexl,"17,18,16,12,13"
15189,1050,14,2025-10-01 23:30:00,23,Late Night,15189.0,130,59451.0,B/L Loop,b,b,"12,13,14,6,9,10"
15185,1050,23,2025-10-01 23:30:00,23,Late Night,15185.0,126,54543.0,EE Route,ee,ee,"1,2,23,17,18,19,20,21,16,22,3"
15189,1055,14,2025-10-01 23:35:00,23,Late Night,15189.0,130,59451.0,B/L Loop,b,b,"12,13,14,6,9,10"
19051,1055,18,2025-10-01 23:35:00,23,Late Night,19051.0,4061,54551.0,REXL Route,rexl,rexl,"17,18,16,12,13"
15185,1055,29,2025-10-01 23:35:00,23,Late Night,15185.0,126,54543.0,EE Route,ee,ee,"1,2,23,17,18,19,20,21,16,22,3"
15189,1060,7,2025-10-01 23:40:00,23,Late Night,15189.0,130,59451.0,B/L Loop,b,b,"12,13,14,6,9,10"
19051,1060,24,2025-10-01 23:40:00,23,Late Night,19051.0,4061,54551.0,REXL Route,rexl,rexl,"17,18,16,12,13"
15185,1060,30,2025-10-01 23:40:00,23,Late Night,15185.0,126,54543.0,EE Route,ee,ee,"1,2,23,17,18,19,20,21,16,22,3"
15185,1065,30,2025-10-01 23:45:00,23,Late Night,15185.0,126,54543.0,EE Route,ee,ee,"1,2,23,17,18,19,20,21,16,22,3"
19051,1065,22,2025-10-01 23:45:00,23,Late Night,19051.0,4061,54551.0,REXL Route,rexl,rexl,"17,18,16,12,13"
15189,1065,9,2025-10-01 23:45:00,23,Late Night,15189.0,130,59451.0,B/L Loop,b,b,"12,13,14,6,9,10"
15185,1070,16,2025-10-01 23:50:00,23,Late Night,15185.0,126,54543.0,EE Route,ee,ee,"1,2,23,17,18,19,20,21,16,22,3"
19051,1070,22,2025-10-01 23:50:00,23,Late Night,19051.0,4061,54551.0,REXL Route,rexl,rexl,"17,18,16,12,13"
15189,1070,10,2025-10-01 23:50:00,23,Late Night,15189.0,130,59451.0,B/L Loop,b,b,"12,13,14,6,9,10"
13216,1070,0,2025-10-01 23:50:00,23,Late Night,13216.0,4040,54545.0,LX Route,lx,lx,"1,2,3,12,13,14"
15189,1075,4,2025-10-01 23:55:00,23,Late Night,15189.0,130,59451.0,B/L Loop,b,b,"12,13,14,6,9,10"
19051,1075,20,2025-10-01 23:55:00,23,Late Night,19051.0,4061,54551.0,REXL Route,rexl,rexl,"17,18,16,12,13"
13216,1075,34,2025-10-01 23:55:00,23,Late Night,13216.0,4040,54545.0,LX Route,lx,lx,"1,2,3,12,13,14"
15185,1075,21,2025-10-01 23:55:00,23,Late Night,15185.0,126,54543.0,EE Route,ee,ee,"1,2,23,17,18,19,20,21,16,22,3"
13216,1080,34,2025-10-02 00:00:00,0,Late Night,13216.0,4040,54545.0,LX Route,lx,lx,"1,2,3,12,13,14"
15185,1080,19,2025-10-02 00:00:00,0,Late Night,15185.0,126,54543.0,EE Route,ee,ee,"1,2,23,17,18,19,20,21,16,22,3"
15189,1080,7,2025-10-02 00:00:00,0,Late Night,15189.0,130,59451.0,B/L Loop,b,b,"12,13,14,6,9,10"
19051,1080,6,2025-10-02 00:00:00,0,Late Night,19051.0,4061,54551.0,REXL Route,rexl,rexl,"17,18,16,12,13"
15189,1085,3,2025-10-02 00:05:00,0,Late Night,15189.0,130,59451.0,B/L Loop,b,b,"12,13,14,6,9,10"
19051,1085,5,2025-10-02 00:05:00,0,Late Night,19051.0,4061,54551.0,REXL Route,rexl,rexl,"17,18,16,12,13"
15185,1085,15,2025-10-02 00:05:00,0,Late Night,15185.0,126,54543.0,EE Route,ee,ee,"1,2,23,17,18,19,20,21,16,22,3"
13216,1085,15,2025-10-02 00:05:00,0,Late Night,13216.0,4040,54545.0,LX Route,lx,lx,"1,2,3,12,13,14"
15189,1090,0,2025-10-02 00:10:00,0,Late Night,15189.0,130,59451.0,B/L Loop,b,b,"12,13,14,6,9,10"
15185,1090,12,2025-10-02 00:10:00,0,Late Night,15185.0,126,54543.0,EE Route,ee,ee,"1,2,23,17,18,19,20,21,16,22,3"
19051,1090,3,2025-10-02 00:10:00,0,Late Night,19051.0,4061,54551.0,REXL Route,rexl,rexl,"17,18,16,12,13"
13216,1090,17,2025-10-02 00:10:00,0,Late Night,13216.0,4040,54545.0,LX Route,lx,lx,"1,2,3,12,13,14"
15185,1095,7,2025-10-02 00:15:00,0,Late Night,15185.0,126,54543.0,EE Route,ee,ee,"1,2,23,17,18,19,20,21,16,22,3"
19051,1095,4,2025-10-02 00:15:00,0,Late Night,19051.0,4061,54551.0,REXL Route,rexl,rexl,"17,18,16,12,13"
15189,1095,0,2025-10-02 00:15:00,0,Late Night,15189.0,130,59451.0,B/L Loop,b,b,"12,13,14,6,9,10"
13216,1095,16,2025-10-02 00:15:00,0,Late Night,13216.0,4040,54545.0,LX Route,lx,lx,"1,2,3,12,13,14"
13216,1100,8,2025-10-02 00:20:00,0,Late Night,13216.0,4040,54545.0,LX Route,lx,lx,"1,2,3,12,13,14"
15185,1100,9,2025-10-02 00:20:00,0,Late Night,15185.0,126,54543.0,EE Route,ee,ee,"1,2,23,17,18,19,20,21,16,22,3"
19051,1100,9,2025-10-02 00:20:00,0,Late Night,19051.0,4061,54551.0,REXL Route,rexl,rexl,"17,18,16,12,13"
15189,1100,2,2025-10-02 00:20:00,0,Late Night,15189.0,130,59451.0,B/L Loop,b,b,"12,13,14,6,9,10"
15189,1105,3,2025-10-02 00:25:00,0,Late Night,15189.0,130,59451.0,B/L Loop,b,b,"12,13,14,6,9,10"
19051,1105,12,2025-10-02 00:25:00,0,Late Night,19051.0,4061,54551.0,REXL Route,rexl,rexl,"17,18,16,12,13"
15185,1105,6,2025-10-02 00:25:00,0,Late Night,15185.0,126,54543.0,EE Route,ee,ee,"1,2,23,17,18,19,20,21,16,22,3"
13216,1105,6,2025-10-02 00:25:00,0,Late Night,13216.0,4040,54545.0,LX Route,lx,lx,"1,2,3,12,13,14"
15189,1110,4,2025-10-02 00:30:00,0,Late Night,15189.0,130,59451.0,B/L Loop,b,b,"12,13,14,6,9,10"
15185,1110,8,2025-10-02 00:30:00,0,Late Night,15185.0,126,54543.0,EE Route,ee,ee,"1,2,23,17,18,19,20,21,16,22,3"
13216,1110,6,2025-10-02 00:30:00,0,Late Night,13216.0,4040,54545.0,LX Route,lx,lx,"1,2,3,12,13,14"
19051,1110,9,2025-10-02 00:30:00,0,Late Night,19051.0,4061,54551.0,REXL Route,rexl,rexl,"17,18,16,12,13"
15189,1115,0,2025-10-02 00:35:00,0,Late Night,15189.0,130,59451.0,B/L Loop,b,b,"12,13,14,6,9,10"
15185,1115,4,2025-10-02 00:35:00,0,Late Night,15185.0,126,54543.0,EE Route,ee,ee,"1,2,23,17,18,19,20,21,16,22,3"
13216,1115,0,2025-10-02 00:35:00,0,Late Night,13216.0,4040,54545.0,LX Route,lx,lx,"1,2,3,12,13,14"
19051,1115,4,2025-10-02 00:35:00,0,Late Night,19051.0,4061,54551.0,REXL Route,rexl,rexl,"17,18,16,12,13"
19051,1120,6,2025-10-02 00:40:00,0,Late Night,19051.0,4061,54551.0,REXL Route,rexl,rexl,"17,18,16,12,13"
13216,1120,2,2025-10-02 00:40:00,0,Late Night,13216.0,4040,54545.0,LX Route,lx,lx,"1,2,3,12,13,14"
15189,1120,0,2025-10-02 00:40:00,0,Late Night,15189.0,130,59451.0,B/L Loop,b,b,"12,13,14,6,9,10"
15185,1120,7,2025-10-02 00:40:00,0,Late Night,15185.0,126,54543.0,EE Route,ee,ee,"1,2,23,17,18,19,20,21,16,22,3"
15185,1125,3,2025-10-02 00:45:00,0,Late Night,15185.0,126,54543.0,EE Route,ee,ee,"1,2,23,17,18,19,20,21,16,22,3"
19051,1125,3,2025-10-02 00:45:00,0,Late Night,19051.0,4061,54551.0,REXL Route,rexl,rexl,"17,18,16,12,13"
13216,1125,4,2025-10-02 00:45:00,0,Late Night,13216.0,4040,54545.0,LX Route,lx,lx,"1,2,3,12,13,14"
15189,1125,0,2025-10-02 00:45:00,0,Late Night,15189.0,130,59451.0,B/L Loop,b,b,"12,13,14,6,9,10"
15189,1130,0,2025-10-02 00:50:00,0,Late Night,15189.0,130,59451.0,B/L Loop,b,b,"12,13,14,6,9,10"
15185,1130,1,2025-10-02 00:50:00,0,Late Night,15185.0,126,54543.0,EE Route,ee,ee,"1,2,23,17,18,19,20,21,16,22,3"
13216,1130,4,2025-10-02 00:50:00,0,Late Night,13216.0,4040,54545.0,LX Route,lx,lx,"1,2,3,12,13,14"
19051,1130,0,2025-10-02 00:50:00,0,Late Night,19051.0,4061,54551.0,REXL Route,rexl,rexl,"17,18,16,12,13"
13216,1135,4,2025-10-02 00:55:00,0,Late Night,13216.0,4040,54545.0,LX Route,lx,lx,"1,2,3,12,13,14"
15185,1135,8,2025-10-02 00:55:00,0,Late Night,15185.0,126,54543.0,EE Route,ee,ee,"1,2,23,17,18,19,20,21,16,22,3"
15189,1135,1,2025-10-02 00:55:00,0,Late Night,15189.0,130,59451.0,B/L Loop,b,b,"12,13,14,6,9,10"
19051,1135,4,2025-10-02 00:55:00,0,Late Night,19051.0,4061,54551.0,REXL Route,rexl,rexl,"17,18,16,12,13"
15189,1140,1,2025-10-02 01:00:00,1,Late Night,15189.0,130,59451.0,B/L Loop,b,b,"12,13,14,6,9,10"
13216,1140,7,2025-10-02 01:00:00,1,Late Night,13216.0,4040,54545.0,LX Route,lx,lx,"1,2,3,12,13,14"
15185,1140,14,2025-10-02 01:00:00,1,Late Night,15185.0,126,54543.0,EE Route,ee,ee,"1,2,23,17,18,19,20,21,16,22,3"
19051,1140,10,2025-10-02 01:00:00,1,Late Night,19051.0,4061,54551.0,REXL Route,rexl,rexl,"17,18,16,12,13"
15189,1145,0,2025-10-02 01:05:00,1,Late Night,15189.0,130,59451.0,B/L Loop,b,b,"12,13,14,6,9,10"
13216,1145,9,2025-10-02 01:05:00,1,Late Night,13216.0,4040,54545.0,LX Route,lx,lx,"1,2,3,12,13,14"
15185,1145,20,2025-10-02 01:05:00,1,Late Night,15185.0,126,54543.0,EE Route,ee,ee,"1,2,23,17,18,19,20,21,16,22,3"
19051,1145,16,2025-10-02 01:05:00,1,Late Night,19051.0,4061,54551.0,REXL Route,rexl,rexl,"17,18,16,12,13"
15185,1150,12,2025-10-02 01:10:00,1,Late Night,15185.0,126,54543.0,EE Route,ee,ee,"1,2,23,17,18,19,20,21,16,22,3"
15189,1150,0,2025-10-02 01:10:00,1,Late Night,15189.0,130,59451.0,B/L Loop,b,b,"12,13,14,6,9,10"
13216,1150,23,2025-10-02 01:10:00,1,Late Night,13216.0,4040,54545.0,LX Route,lx,lx,"1,2,3,12,13,14"
19051,1150,17,2025-10-02 01:10:00,1,Late Night,19051.0,4061,54551.0,REXL Route,rexl,rexl,"17,18,16,12,13"
15189,1155,0,2025-10-02 01:15:00,1,Late Night,15189.0,130,59451.0,B/L Loop,b,b,"12,13,14,6,9,10"
19051,1155,24,2025-10-02 01:15:00,1,Late Night,19051.0,4061,54551.0,REXL Route,rexl,rexl,"17,18,16,12,13"
13216,1155,22,2025-10-02 01:15:00,1,Late Night,13216.0,4040,54545.0,LX Route,lx,lx,"1,2,3,12,13,14"
15185,1155,18,2025-10-02 01:15:00,1,Late Night,15185.0,126,54543.0,EE Route,ee,ee,"1,2,23,17,18,19,20,21,16,22,3"
15189,1160,1,2025-10-02 01:20:00,1,Late Night,15189.0,130,59451.0,B/L Loop,b,b,"12,13,14,6,9,10"
19051,1160,30,2025-10-02 01:20:00,1,Late Night,19051.0,4061,54551.0,REXL Route,rexl,rexl,"17,18,16,12,13"
13216,1160,23,2025-10-02 01:20:00,1,Late Night,13216.0,4040,54545.0,LX Route,lx,lx,"1,2,3,12,13,14"
15185,1160,18,2025-10-02 01:20:00,1,Late Night,15185.0,126,54543.0,EE Route,ee,ee,"1,2,23,17,18,19,20,21,16,22,3"
15189,1165,14,2025-10-02 01:25:00,1,Late Night,15189.0,130,59451.0,B/L Loop,b,b,"12,13,14,6,9,10"
13216,1165,33,2025-10-02 01:25:00,1,Late Night,13216.0,4040,54545.0,LX Route,lx,lx,"1,2,3,12,13,14"
15185,1165,19,2025-10-02 01:25:00,1,Late Night,15185.0,126,54543.0,EE Route,ee,ee,"1,2,23,17,18,19,20,21,16,22,3"
19051,1165,30,2025-10-02 01:25:00,1,Late Night,19051.0,4061,54551.0,REXL Route,rexl,rexl,"17,18,16,12,13"
19051,1170,30,2025-10-02 01:30:00,1,Late Night,19051.0,4061,54551.0,REXL Route,rexl,rexl,"17,18,16,12,13"
15185,1170,12,2025-10-02 01:30:00,1,Late Night,15185.0,126,54543.0,EE Route,ee,ee,"1,2,23,17,18,19,20,21,16,22,3"
13216,1170,33,2025-10-02 01:30:00,1,Late Night,13216.0,4040,54545.0,LX Route,lx,lx,"1,2,3,12,13,14"
15189,1170,16,2025-10-02 01:30:00,1,Late Night,15189.0,130,59451.0,B/L Loop,b,b,"12,13,14,6,9,10"
15185,1175,10,2025-10-02 01:35:00,1,Late Night,15185.0,126,54543.0,EE Route,ee,ee,"1,2,23,17,18,19,20,21,16,22,3"
13216,1175,34,2025-10-02 01:35:00,1,Late Night,13216.0,4040,54545.0,LX Route,lx,lx,"1,2,3,12,13,14"
19051,1175,30,2025-10-02 01:35:00,1,Late Night,19051.0,4061,54551.0,REXL Route,rexl,rexl,"17,18,16,12,13"
15189,1175,16,2025-10-02 01:35:00,1,Late Night,15189.0,130,59451.0,B/L Loop,b,b,"12,13,14,6,9,10"
15189,1180,6,2025-10-02 01:40:00,1,Late Night,15189.0,130,59451.0,B/L Loop,b,b,"12,13,14,6,9,10"
19051,1180,18,2025-10-02 01:40:00,1,Late Night,19051.0,4061,54551.0,REXL Route,rexl,rexl,"17,18,16,12,13"
13216,1180,31,2025-10-02 01:40:00,1,Late Night,13216.0,4040,54545.0,LX Route,lx,lx,"1,2,3,12,13,14"
15185,1180,8,2025-10-02 01:40:00,1,Late Night,15185.0,126,54543.0,EE Route,ee,ee,"1,2,23,17,18,19,20,21,16,22,3"
13216,1185,27,2025-10-02 01:45:00,1,Late Night,13216.0,4040,54545.0,LX Route,lx,lx,"1,2,3,12,13,14"
19051,1185,18,2025-10-02 01:45:00,1,Late Night,19051.0,4061,54551.0,REXL Route,rexl,rexl,"17,18,16,12,13"
15189,1185,1,2025-10-02 01:45:00,1,Late Night,15189.0,130,59451.0,B/L Loop,b,b,"12,13,14,6,9,10"
15185,1185,10,2025-10-02 01:45:00,1,Late Night,15185.0,126,54543.0,EE Route,ee,ee,"1,2,23,17,18,19,20,21,16,22,3"
15189,1190,1,2025-10-02 01:50:00,1,Late Night,15189.0,130,59451.0,B/L Loop,b,b,"12,13,14,6,9,10"
19051,1190,20,2025-10-02 01:50:00,1,Late Night,19051.0,4061,54551.0,REXL Route,rexl,rexl,"17,18,16,12,13"
15185,1190,9,2025-10-02 01:50:00,1,Late Night,15185.0,126,54543.0,EE Route,ee,ee,"1,2,23,17,18,19,20,21,16,22,3"
13216,1190,27,2025-10-02 01:50:00,1,Late Night,13216.0,4040,54545.0,LX Route,lx,lx,"1,2,3,12,13,14"
15189,1195,0,2025-10-02 01:55:00,1,Late Night,15189.0,130,59451.0,B/L Loop,b,b,"12,13,14,6,9,10"
13216,1195,15,2025-10-02 01:55:00,1,Late Night,13216.0,4040,54545.0,LX Route,lx,lx,"1,2,3,12,13,14"
19051,1195,18,2025-10-02 01:55:00,1,Late Night,19051.0,4061,54551.0,REXL Route,rexl,rexl,"17,18,16,12,13"
15185,1195,0,2025-10-02 01:55:00,1,Late Night,15185.0,126,54543.0,EE Route,ee,ee,"1,2,23,17,18,19,20,21,16,22,3"
15189,1200,0,2025-10-02 02:00:00,2,Late Night,15189.0,130,59451.0,B/L Loop,b,b,"12,13,14,6,9,10"
13216,1200,1,2025-10-02 02:00:00,2,Late Night,13216.0,4040,54545.0,LX Route,lx,lx,"1,2,3,12,13,14"
19051,1200,18,2025-10-02 02:00:00,2,Late Night,19051.0,4061,54551.0,REXL Route,rexl,rexl,"17,18,16,12,13"
15185,1200,0,2025-10-02 02:00:00,2,Late Night,15185.0,126,54543.0,EE Route,ee,ee,"1,2,23,17,18,19,20,21,16,22,3"
19051,1205,16,2025-10-02 02:05:00,2,Late Night,19051.0,4061,54551.0,REXL Route,rexl,rexl,"17,18,16,12,13"
15185,1205,0,2025-10-02 02:05:00,2,Late Night,15185.0,126,54543.0,EE Route,ee,ee,"1,2,23,17,18,19,20,21,16,22,3"
15189,1205,0,2025-10-02 02:05:00,2,Late Night,15189.0,130,59451.0,B/L Loop,b,b,"12,13,14,6,9,10"
13216,1205,1,2025-10-02 02:05:00,2,Late Night,13216.0,4040,54545.0,LX Route,lx,lx,"1,2,3,12,13,14"
13216,1210,1,2025-10-02 02:10:00,2,Late Night,13216.0,4040,54545.0,LX Route,lx,lx,"1,2,3,12,13,14"
15185,1210,0,2025-10-02 02:10:00,2,Late Night,15185.0,126,54543.0,EE Route,ee,ee,"1,2,23,17,18,19,20,21,16,22,3"
19051,1210,21,2025-10-02 02:10:00,2,Late Night,19051.0,4061,54551.0,REXL Route,rexl,rexl,"17,18,16,12,13"
15189,1210,0,2025-10-02 02:10:00,2,Late Night,15189.0,130,59451.0,B/L Loop,b,b,"12,13,14,6,9,10"
13216,1215,0,2025-10-02 02:15:00,2,Late Night,13216.0,4040,54545.0,LX Route,lx,lx,"1,2,3,12,13,14"
15185,1215,3,2025-10-02 02:15:00,2,Late Night,15185.0,126,54543.0,EE Route,ee,ee,"1,2,23,17,18,19,20,21,16,22,3"
15189,1215,0,2025-10-02 02:15:00,2,Late Night,15189.0,130,59451.0,B/L Loop,b,b,"12,13,14,6,9,10"
19051,1215,25,2025-10-02 02:15:00,2,Late Night,19051.0,4061,54551.0,REXL Route,rexl,rexl,"17,18,16,12,13"
13216,1220,18,2025-10-02 02:20:00,2,Late Night,13216.0,4040,54545.0,LX Route,lx,lx,"1,2,3,12,13,14"
15185,1220,4,2025-10-02 02:20:00,2,Late Night,15185.0,126,54543.0,EE Route,ee,ee,"1,2,23,17,18,19,20,21,16,22,3"
15189,1220,0,2025-10-02 02:20:00,2,Late Night,15189.0,130,59451.0,B/L Loop,b,b,"12,13,14,6,9,10"
19051,1220,27,2025-10-02 02:20:00,2,Late Night,19051.0,4061,54551.0,REXL Route,rexl,rexl,"17,18,16,12,13"
15185,1225,3,2025-10-02 02:25:00,2,Late Night,15185.0,126,54543.0,EE Route,ee,ee,"1,2,23,17,18,19,20,21,16,22,3"
19051,1225,30,2025-10-02 02:25:00,2,Late Night,19051.0,4061,54551.0,REXL Route,rexl,rexl,"17,18,16,12,13"
13216,1225,21,2025-10-02 02:25:00,2,Late Night,13216.0,4040,54545.0,LX Route,lx,lx,"1,2,3,12,13,14"
15189,1225,0,2025-10-02 02:25:00,2,Late Night,15189.0,130,59451.0,B/L Loop,b,b,"12,13,14,6,9,10"
19051,1230,30,2025-10-02 02:30:00,2,Late Night,19051.0,4061,54551.0,REXL Route,rexl,rexl,"17,18,16,12,13"
13216,1230,19,2025-10-02 02:30:00,2,Late Night,13216.0,4040,54545.0,LX Route,lx,lx,"1,2,3,12,13,14"
15189,1230,0,2025-10-02 02:30:00,2,Late Night,15189.0,130,59451.0,B/L Loop,b,b,"12,13,14,6,9,10"
15185,1230,6,2025-10-02 02:30:00,2,Late Night,15185.0,126,54543.0,EE Route,ee,ee,"1,2,23,17,18,19,20,21,16,22,3"
19051,1235,30,2025-10-02 02:35:00,2,Late Night,19051.0,4061,54551.0,REXL Route,rexl,rexl,"17,18,16,12,13"
15189,1235,0,2025-10-02 02:35:00,2,Late Night,15189.0,130,59451.0,B/L Loop,b,b,"12,13,14,6,9,10"
13216,1235,13,2025-10-02 02:35:00,2,Late Night,13216.0,4040,54545.0,LX Route,lx,lx,"1,2,3,12,13,14"
15185,1235,7,2025-10-02 02:35:00,2,Late Night,15185.0,126,54543.0,EE Route,ee,ee,"1,2,23,17,18,19,20,21,16,22,3"
19051,1240,27,2025-10-02 02:40:00,2,Late Night,19051.0,4061,54551.0,REXL Route,rexl,rexl,"17,18,16,12,13"
15185,1240,3,2025-10-02 02:40:00,2,Late Night,15185.0,126,54543.0,EE Route,ee,ee,"1,2,23,17,18,19,20,21,16,22,3"
13216,1240,9,2025-10-02 02:40:00,2,Late Night,13216.0,4040,54545.0,LX Route,lx,lx,"1,2,3,12,13,14"
15189,1240,1,2025-10-02 02:40:00,2,Late Night,15189.0,130,59451.0,B/L Loop,b,b,"12,13,14,6,9,10"
13216,1245,19,2025-10-02 02:45:00,2,Late Night,13216.0,4040,54545.0,LX Route,lx,lx,"1,2,3,12,13,14"
15185,1245,3,2025-10-02 02:45:00,2,Late Night,15185.0,126,54543.0,EE Route,ee,ee,"1,2,23,17,18,19,20,21,16,22,3"
19051,1245,25,2025-10-02 02:45:00,2,Late Night,19051.0,4061,54551.0,REXL Route,rexl,rexl,"17,18,16,12,13"
15189,1245,1,2025-10-02 02:45:00,2,Late Night,15189.0,130,59451.0,B/L Loop,b,b,"12,13,14,6,9,10"
13216,1250,22,2025-10-02 02:50:00,2,Late Night,13216.0,4040,54545.0,LX Route,lx,lx,"1,2,3,12,13,14"
15185,1250,3,2025-10-02 02:50:00,2,Late Night,15185.0,126,54543.0,EE Route,ee,ee,"1,2,23,17,18,19,20,21,16,22,3"
15189,1250,1,2025-10-02 02:50:00,2,Late Night,15189.0,130,59451.0,B/L Loop,b,b,"12,13,14,6,9,10"
19051,1250,23,2025-10-02 02:50:00,2,Late Night,19051.0,4061,54551.0,REXL Route,rexl,rexl,"17,18,16,12,13"
15185,1255,4,2025-10-02 02:55:00,2,Late Night,15185.0,126,54543.0,EE Route,ee,ee,"1,2,23,17,18,19,20,21,16,22,3"
15189,1255,7,2025-10-02 02:55:00,2,Late Night,15189.0,130,59451.0,B/L Loop,b,b,"12,13,14,6,9,10"
13216,1255,17,2025-10-02 02:55:00,2,Late Night,13216.0,4040,54545.0,LX Route,lx,lx,"1,2,3,12,13,14"
19051,1255,24,2025-10-02 02:55:00,2,Late Night,19051.0,4061,54551.0,REXL Route,rexl,rexl,"17,18,16,12,13"
15189,1260,8,2025-10-02 03:00:00,3,Late Night,15189.0,130,59451.0,B/L Loop,b,b,"12,13,14,6,9,10"
19051,1260,22,2025-10-02 03:00:00,3,Late Night,19051.0,4061,54551.0,REXL Route,rexl,rexl,"17,18,16,12,13"
15185,1260,4,2025-10-02 03:00:00,3,Late Night,15185.0,126,54543.0,EE Route,ee,ee,"1,2,23,17,18,19,20,21,16,22,3"
13216,1260,17,2025-10-02 03:00:00,3,Late Night,13216.0,4040,54545.0,LX Route,lx,lx,"1,2,3,12,13,14"
